/*
Navicat MySQL Data Transfer

Source Server         : villageHouse
Source Server Version : 50714
Source Host           : 10.3.136.30:3306
Source Database       : minshu

Target Server Type    : MYSQL
Target Server Version : 50714
File Encoding         : 65001

Date: 2018-01-31 17:57:24
*/

SET FOREIGN_KEY_CHECKS=0;

-- ----------------------------
-- Table structure for area
-- ----------------------------
DROP TABLE IF EXISTS `area`;
CREATE TABLE `area` (
  `area_id` int(11) NOT NULL AUTO_INCREMENT,
  `city` varchar(255) DEFAULT NULL,
  `hot` varchar(255) DEFAULT '',
  `china` varchar(255) DEFAULT '1',
  `city_img` varchar(255) DEFAULT NULL COMMENT '城市图片',
  PRIMARY KEY (`area_id`)
) ENGINE=MyISAM AUTO_INCREMENT=25 DEFAULT CHARSET=utf8;

-- ----------------------------
-- Records of area
-- ----------------------------
INSERT INTO `area` VALUES ('1', '北海道', '1', null, 'beihaidao.jpg');
INSERT INTO `area` VALUES ('2', '首尔', '1', null, 'shouer.jpg');
INSERT INTO `area` VALUES ('3', '清迈', '1', null, 'qingmai.jpg');
INSERT INTO `area` VALUES ('4', '巴黎', '1', null, 'bali.jpg');
INSERT INTO `area` VALUES ('5', '洛杉矶', '1', null, 'luoshanji.jpg');
INSERT INTO `area` VALUES ('6', '东京', '1', null, 'dongjing.jpg');
INSERT INTO `area` VALUES ('7', '垦丁', '1', null, 'kending.jpg');
INSERT INTO `area` VALUES ('8', '新加坡', '1', null, 'xinjiapo.jpg');
INSERT INTO `area` VALUES ('9', '曼谷', '1', null, 'mangu.jpg');
INSERT INTO `area` VALUES ('10', '京都', '1', null, 'jingdu.jpg');
INSERT INTO `area` VALUES ('11', '大阪', '1', null, 'daban.jpg');
INSERT INTO `area` VALUES ('12', '台北', '1', null, 'taibei.jpg');
INSERT INTO `area` VALUES ('13', '北京', '', '1', '202124631473845838703806301.jpg');
INSERT INTO `area` VALUES ('14', '上海', '', '1', '202124631473845838703806302.jpg');
INSERT INTO `area` VALUES ('15', '广州', '', '1', '202124631473845838703806107.jpg');
INSERT INTO `area` VALUES ('16', '三亚', '', '1', '202124631473845838703806306.jpg');
INSERT INTO `area` VALUES ('17', '丽江', '', '1', '202124631473845838703806111.jpg');
INSERT INTO `area` VALUES ('18', '成都', '', '1', '202124631473845838703806109.jpg');
INSERT INTO `area` VALUES ('19', '杭州', '', '1', '202124631473845838703806303.jpg');
INSERT INTO `area` VALUES ('20', '香港', '', '1', '202124631473845838703806105.jpg');
INSERT INTO `area` VALUES ('21', '深圳', '', '1', '202124631473845838703806110.jpg');
INSERT INTO `area` VALUES ('22', '青岛', '', '1', '202124631473845838703806106.jpg');
INSERT INTO `area` VALUES ('23', '厦门', '', '1', '202124631473845838703806304.jpg');
INSERT INTO `area` VALUES ('24', '秦皇岛', '', '1', '202124631473845838703806112.jpg');

-- ----------------------------
-- Table structure for manager
-- ----------------------------
DROP TABLE IF EXISTS `manager`;
CREATE TABLE `manager` (
  `id` int(11) NOT NULL,
  `username` varchar(255) DEFAULT NULL,
  `password` varchar(255) DEFAULT NULL,
  `phone` varchar(255) DEFAULT NULL,
  PRIMARY KEY (`id`)
) ENGINE=MyISAM DEFAULT CHARSET=utf8;

-- ----------------------------
-- Records of manager
-- ----------------------------
INSERT INTO `manager` VALUES ('1', 'lili', '123', null);
INSERT INTO `manager` VALUES ('0', '123', '123', '18818408062');

-- ----------------------------
-- Table structure for orders
-- ----------------------------
DROP TABLE IF EXISTS `orders`;
CREATE TABLE `orders` (
  `order_id` int(255) NOT NULL AUTO_INCREMENT,
  `status` varchar(255) DEFAULT NULL,
  `product_ID` int(255) DEFAULT NULL,
  `user_ID` int(255) DEFAULT NULL,
  `checkin` datetime DEFAULT NULL COMMENT '入住时间',
  `checkout` datetime DEFAULT NULL COMMENT '退房时间',
  PRIMARY KEY (`order_id`)
) ENGINE=MyISAM AUTO_INCREMENT=35 DEFAULT CHARSET=utf8;

-- ----------------------------
-- Records of orders
-- ----------------------------
INSERT INTO `orders` VALUES ('4', '1', '1', '2', '2018-01-03 00:00:00', '2018-01-04 00:00:00');
INSERT INTO `orders` VALUES ('3', '1', '1', '2', '2018-01-01 00:00:00', '2018-01-02 00:00:00');
INSERT INTO `orders` VALUES ('5', '1', '1', '2', '2018-01-25 00:00:00', '2018-01-26 00:00:00');
INSERT INTO `orders` VALUES ('6', '1', '72', '2', '2018-01-23 00:00:00', '2018-01-24 00:00:00');
INSERT INTO `orders` VALUES ('7', '1', '72', '2', '2018-01-23 00:00:00', '2018-01-24 00:00:00');
INSERT INTO `orders` VALUES ('8', '1', '72', '2', '2018-01-01 00:00:00', '2018-01-01 00:00:00');
INSERT INTO `orders` VALUES ('9', '1', '72', '2', '2018-01-01 00:00:00', '2018-01-02 00:00:00');
INSERT INTO `orders` VALUES ('10', '1', '72', '2', '2018-01-11 00:00:00', '2018-01-12 00:00:00');
INSERT INTO `orders` VALUES ('11', '1', '72', '2', '2018-01-11 00:00:00', '2018-01-12 00:00:00');
INSERT INTO `orders` VALUES ('12', '1', '72', '2', '2018-01-11 00:00:00', '2018-01-12 00:00:00');
INSERT INTO `orders` VALUES ('13', '1', '72', '2', '2018-01-04 00:00:00', '2018-01-11 00:00:00');
INSERT INTO `orders` VALUES ('14', '0', '72', '2', '2018-01-04 00:00:00', '2018-01-11 00:00:00');
INSERT INTO `orders` VALUES ('15', '0', '72', '2', '2018-01-04 00:00:00', '2018-01-11 00:00:00');
INSERT INTO `orders` VALUES ('16', '0', '72', '2', '2018-01-01 00:00:00', '2018-01-02 00:00:00');
INSERT INTO `orders` VALUES ('17', '0', '72', '2', '2018-01-29 00:00:00', '2018-01-31 00:00:00');
INSERT INTO `orders` VALUES ('18', '0', '72', '2', '2018-01-29 00:00:00', '2018-01-31 00:00:00');
INSERT INTO `orders` VALUES ('19', '0', '21', '2', '2018-01-12 00:00:00', '2018-01-13 00:00:00');
INSERT INTO `orders` VALUES ('20', '0', '21', '2', '2018-01-11 00:00:00', '2018-01-12 00:00:00');
INSERT INTO `orders` VALUES ('21', '1', '51', '2', '2018-01-30 00:00:00', '2018-01-31 00:00:00');
INSERT INTO `orders` VALUES ('23', '0', '1', '2', '2018-01-30 00:00:00', '2018-01-31 00:00:00');
INSERT INTO `orders` VALUES ('28', '0', '1', '2', '2018-01-01 00:00:00', '2018-01-02 00:00:00');
INSERT INTO `orders` VALUES ('27', '1', '72', '3', '2018-01-04 00:00:00', '2018-01-05 00:00:00');
INSERT INTO `orders` VALUES ('29', '0', '21', '2', '2018-01-01 00:00:00', '2018-01-02 00:00:00');
INSERT INTO `orders` VALUES ('30', '1', '112', '3', '2018-01-27 00:00:00', '2018-01-28 00:00:00');
INSERT INTO `orders` VALUES ('31', '0', '11', '2', '2018-01-30 00:00:00', '2018-01-31 00:00:00');
INSERT INTO `orders` VALUES ('32', '0', '1', '2', '2018-01-05 00:00:00', '2018-01-06 00:00:00');
INSERT INTO `orders` VALUES ('33', '1', '21', '31', '2018-01-03 00:00:00', '2018-01-04 00:00:00');
INSERT INTO `orders` VALUES ('34', '1', '11', '33', '2018-02-01 00:00:00', '2018-02-03 00:00:00');

-- ----------------------------
-- Table structure for product
-- ----------------------------
DROP TABLE IF EXISTS `product`;
CREATE TABLE `product` (
  `product_id` int(11) NOT NULL AUTO_INCREMENT,
  `title` varchar(255) DEFAULT NULL COMMENT '标题',
  `imgurl` varchar(255) DEFAULT NULL COMMENT '商品图片',
  `price` decimal(11,2) DEFAULT NULL COMMENT '价格',
  `owner_img` varchar(255) DEFAULT NULL COMMENT '房东头像',
  `owner_name` varchar(255) DEFAULT NULL COMMENT '房东名字',
  `houseType` varchar(255) DEFAULT NULL COMMENT '房间类型',
  `room_qty` varchar(255) DEFAULT NULL COMMENT '几房几厅',
  `bed_qty` varchar(255) DEFAULT NULL COMMENT '床位',
  `room_size` varchar(255) DEFAULT NULL COMMENT '房间尺寸',
  `room_des` varchar(12222) DEFAULT NULL COMMENT '房源描述',
  `comment_content` varchar(1000) DEFAULT NULL COMMENT '评论内容',
  `comment_qty` int(11) DEFAULT NULL COMMENT '评论数量',
  `matching` varchar(255) DEFAULT NULL COMMENT '配套设施',
  `area_id` varchar(255) DEFAULT NULL COMMENT '城市',
  `adress` varchar(255) DEFAULT NULL COMMENT '房源地址',
  `order_ID` varchar(255) DEFAULT NULL COMMENT '订单编号',
  `comment_img` varchar(255) DEFAULT NULL,
  `collection_img` varchar(255) DEFAULT NULL,
  `recommend` varchar(255) DEFAULT NULL COMMENT '首页向你推荐',
  `youlike` varchar(255) DEFAULT NULL COMMENT '首页猜你喜欢城市',
  PRIMARY KEY (`product_id`)
) ENGINE=MyISAM AUTO_INCREMENT=243 DEFAULT CHARSET=utf8;

-- ----------------------------
-- Records of product
-- ----------------------------
INSERT INTO `product` VALUES ('1', 'Relaxing at Lake Toya\r\n整套房子 · 虻田郡洞爷湖町', 'bh_lz1_1.jpg,bh_lz1_2.jpg,bh_lz1_3.jpg,bh_lz1_4.jpg,bh_lz1_5.jpg', '939.00', 'bh_lz1_1houseowner.jpg', 'Yukijiangjie', '单间', '3间卧室', '8张床', '60m²', '我结城江洁来日本30年，做过翻译，教过中文。我们住的岛松地方，喝的是水泉, 水很甜，空气也很新鲜，白天蓝天白云，晚上满天星星。夏天吃的是自己种的无农药蔬菜和养的海鲜，又新鲜又便宜。我想把这里介绍给有缘来这里旅游的朋友们，希望你们也能享受一下日本人当地的风土人情和文化，让你们来北海道旅游像住在自己家里一样温暖亲切。 我把花园别墅扩建改造成了江花荘，因为我想让每一个有缘人来我这里喝杯清茶，坐在花园里忘记一切烦恼， 把心静下来，接一下地气感受大自然的能量，产生出好的灵感，再去更好的生活和工作，我们全体工作人员会尽一切努力，用我们的真心诚意为每位客人服务。我们希望能够用我们的真心和爱心通过江花荘传到世界各地有缘的地方，让五湖四海的朋友都能够认识到江花荘。\r\n', '房东是上海人，房子是个花园小别墅，真的非常干净！！！不得不说真的很细心的帮我们调整行程，房间巨舒服，讲真那个床以后我还想睡，离JR station走一会儿就到了，下次冬天去北海道还会住的！', '21', '淋浴,洗衣机,电视,免费停车场', '1', '日本，北海道，惠庭市', null, 'comment.png', 'uncollection.png,hascollectioned.png', '1', null);
INSERT INTO `product` VALUES ('2', '3BDR Snow Monkey Niseko + Fireplace', 'bh_lz2_1.jpg,bh_lz2_2.jpg,bh_lz2_3.jpg,bh_lz2_4.jpg,bh_lz2_5.jpg', '2123.00', 'bh_lz1_2houseowner.jpg', 'Concierge', '整套', '3间卧室', '3张床', '94m²', 'Our 3-bedroom house is centrally located next to all the major amenities, within walking distance to the ski lifts and steps away from the hot spring. It is the perfect place to chill around the firep…', '很棒的空间,舒适而且便利,特别是厨房的用具很齐全可以自己烹调北海道新鲜的食材!床也好舒服!屋主很亲切回复也很及时!我们住在这里5天都不想回家了,预计秋天还会再来二世古,我还会再选择住在这里!', '78', '无线网络,免费停车位,厨房,洗发水', '1', '日本，北海道，札幌市', null, 'comment.png', 'uncollection.png,hascollectioned.png', null, null);
INSERT INTO `product` VALUES ('3', '3min walk from station. Free WiFi.', 'bh_lz3_1.jpg,bh_lz3_2.jpg,bh_lz3_3.jpg,bh_lz3_4.jpg,bh_lz3_5.jpg', '265.00', 'bh_lz1_3houseowner.jpg', 'Kumiko&Miri', '单间', '1间卧室', '1张床', '48m²', 'The center of Sapporo is near and is situated in a good location, and can walk to Nakajimakoen and Susukino.\r\nWiFi, a washing machine, a kitchen article are prepared generally.\r\nThe room is sunny and ca…', '房间宽敞,布局合理,体验很棒。如果还去札幌,会再想住这里,床垫和床品睡起来也很舒服。位置方便,离中岛公园站很近,附近有711。到狸小路走路就可以。', '173', '无线网络,厨房,洗发水,吹风机', '1', '日本，北海道，札幌市', null, 'comment.png', 'uncollection.png,hascollectioned.png', null, '');
INSERT INTO `product` VALUES ('4', 'Moiwa Onsen House - Private Onsen, Full House', 'bh_lz4_1.jpg,bh_lz4_2.jpg,bh_lz4_3.jpg,bh_lz4_4.jpg,bh_lz4_5.jpg', '1141.00', 'bh_lz1_4houseowner.jpg', 'Conor', '整套', '2间卧室', '6张床', '75m²', 'The Moiwa Onsen House is located just behind the Moiwa ski area in its own little quiet part of Hokkaido. As soon as you have the time to slide into your private onsen, you’ll understand why we’re sha…', '房子很美,就是比较偏僻,太多蚊虫。对于怕虫子的人来说会影响睡眠。没有拖鞋提供', '40', '无线网络,免费停车位,厨房,洗发水', '1', '日本，北海道，札幌市', null, 'comment.png', 'uncollection.png,hascollectioned.png', null, null);
INSERT INTO `product` VALUES ('5', 'Very convenient', 'bh_lz5_1.jpg,bh_lz5_2.jpg,bh_lz5_3.jpg,bh_lz5_4.jpg,bh_lz5_5.jpg', '287.00', 'bh_lz1_5houseowner.jpg', 'Hayato & Keiko', '单间', '1间卧室', '5张床', '40m²', ' ☆☆☆ It\'s also an advantage that transportation is good.\r\nIt takes 13min. on foot from Inn to Kita 24jo Bus terminal No.4 bus stop for Chitose Airport.', '老太太和房东儿子非常热情,去的时候迎接我们,送了一包巧克力,走的时候送我们走,还帮忙叫了taxi。房间里摆放的各种札幌市游玩交通信息也很全。唯一不足的是没有电视机,我和朋友都像看电视来着,订房间的时候没有注意。总体来说很不错的房间,值得入住。', '167', '无线网络,免费停车位,厨房,洗发水', '1', '日本，北海道，惠庭市', null, 'comment.png', 'uncollection.png,hascollectioned.png', null, null);
INSERT INTO `product` VALUES ('6', '205ー小樽運河まで160m', 'bh_lz6_1.jpg,bh_lz6_2.jpg,bh_lz6_3.jpg,bh_lz6_4.jpg,bh_lz6_5.jpg', '234.00', 'bh_lz1_6houseowner.jpg', 'Hirofumi', '整套公寓 ', '2间卧室', '7张床', '32m²', 'JR小樽駅から徒歩11分、コンビニ、スーパーマーケットまで徒歩3分、小樽運河徒歩2分で、とても小樽では便利な方です。アパートの横が旧手宮線で、散歩コースとなっております。\r\n小樽市保健所所長から旅館営業許可を得ています。無許可で営業はしておりませんので、ご安心してください。(保健所と消防署の検査を受けています。)\r\n建物の構造は、鉄骨造の3階建の2階部分です。冬期間の凍結は少ないです。', '非常好的房东,从JR车站接送了我们四人,他的车坏了,他自费打车帮我们运送行李。房子很温馨,很干净,也很温暖。用的东西都很全面,很好的入住体验。', '312', '无线网络,免费停车位,厨房,洗发水', '1', '日本，北海道，惠庭市', null, 'comment.png', 'uncollection.png,hascollectioned.png', null, null);
INSERT INTO `product` VALUES ('7', 'Near the central,neat,convenient !!', 'bh_lz7_1.jpg,bh_lz7_2.jpg,bh_lz7_3.jpg,bh_lz7_4.jpg,bh_lz7_5.jpg', '359.00', 'bh_lz1_7houseowner.jpg', 'Haru', '整套公寓', '	1间卧室', '	3张床\r\n', '60m²', 'This apartment is located close to the central. Quite walkable to Sapporo sta, Odori park, subway sta, Susukino and more.\r\nAlso there are lots of convenience stores restaurants and a fish market.', '房间非常干净,是个新房。房间里各种用品准备的非常齐全,位置很好找,就在二条渔市场的后面,狸小路1丁就在二条市场对面,距离JR札幌站1.5公里 走路15分钟。总之购物,吃喝都非常方便。房间里有空调和暖气房东不会中文,再之前沟通时有点小误会但都很好的解决了。总之这是一处性价比很高的民宿。', '188', '无线网络,厨房,洗发水,生活必需品', '1', '日本，北海道，惠庭市', null, 'comment.png', 'uncollection.png,hascollectioned.png', null, null);
INSERT INTO `product` VALUES ('8', 'Hot springs Studio Jozankei', 'bh_lz8_1.jpg,bh_lz8_2.jpg,bh_lz8_3.jpg,bh_lz8_4.jpg,bh_lz8_5.jpg', '326.00', 'bh_lz1_9houseowner.jpg', 'Neil', '整套公寓', '1间卧室', '2张床', '60m²', 'Jozankei Onsen is a hot springs resort on the outskirts of Sapporo city. \r\nOur 1BD apartment with counter kitchen can fit two adults or a family with small children. Natural Hot springs in the build…', 'Neil非常好客,关心我们的入住情况,给我们提供及时的帮助。房间属于酒店式公寓,离公交车站约5分钟路程。房间舒适,厨房卫浴设施齐全,适合长期居住。楼顶免费温泉很赞。风景好。下次来还选择住这家!', '125', '无线网络,厨房,洗发水,生活必需品', '1', '日本，北海道，小樽市', null, 'comment.png', 'uncollection.png,hascollectioned.png', null, null);
INSERT INTO `product` VALUES ('9', 'Private Apartment Good Base for Hokkaido Trip', 'bh_lz9_1.jpg,bh_lz9_2.jpg,bh_lz9_3.jpg,bh_lz9_4.jpg,bh_lz9_5.jpg', '209.00', 'bh_lz1_9houseowner.jpg', 'Ryuta', '整套公寓 ', '2间卧室', '6张床', '45m²', 'Located is south area of Sapporo.There has good nature .\r\nThe apartment is 2-floors with kitchen and bath room. Able to stay up to 6 people maximum, kids(under 10years old) are free. The house is not …', '这次来日本的行程各种赶,超级累的,但是碰到maiko一家真的算是这次旅行最好的事了!maiko和ryuta炒鸡热心的。到的时候路面已经好厚雪了,maiko在门口接我们,给了我们一堆实用的交通、景点推荐,每天晚上也会来问问今天玩得如何?还想去哪玩。最后一天泡完温泉回来发现钥匙找不着了,挂着susi的钥匙特别可爱,好可惜...... 结果是个乌龙,夹在包里了…… 出发去新千岁机场的bus上,准备付钱时发现钱包掉了……这边又要赶飞机......那司机不收人民币,也没法刷卡......解释半天才勉强收了人民币,跟maiko联系不上就直接登机了,下机后maiko在…', '142', '无线网络,厨房,洗发水,生活必需品', '1', '日本，北海道，中央区', null, 'comment.png', 'uncollection.png,hascollectioned.png', null, null);
INSERT INTO `product` VALUES ('10', '*札幌狸小路/薄野/大通公園商業中心性價比高舒适公寓free Wi-Fi', 'bh_lz10_1.jpg,bh_lz10_2.jpg,bh_lz10_3.jpg,bh_lz10_4.jpg,bh_lz10_5.jpg', '574.00', 'bh_lz1_10houseowner.jpg', 'Genig', '整套公寓', '1间卧室', '	1张床', '60m²', '自行入住和退房,非常便利!!\r\n2分鐘到地鐵大通站,地鐵1站到JR札幌站\r\n1分鐘到新千歲機場的巴士站', 'Grace提早给我们准备好了房间。房间地理位置真的很棒,床很软睡得很踏实,阳台能看到摩天轮。住的很开心,性价比高!', '142', '淋浴,洗衣机,电视,免费停车场', '1', '日本，北海道，札幌市', null, 'comment.png', 'uncollection.png,hascollectioned.png', null, null);
INSERT INTO `product` VALUES ('11', 'Korean Traditional Hanok', 'ke_lz1_1.jpg,ke_lz1_2.jpg,ke_lz1_3.jpg,ke_lz1_4.jpg,ke_lz1_5.jpg', '1187.00', 'bh_lz1_11houseowner.jpg', 'Genie', '整套房子', '2间卧室', '4张床', '100m²', 'Korean traditional house in Hanok conservation area in Seoul.\r\nThis hanok had been built in 1934 and fully renovated in 2012. \r\nYou can rent entire my house without interference from any other people…', '太舒服以至于就想躺着看窗外发呆! 房东以及房子都很棒,唯一的建议是希望2个房间都能有蚊香,没有纱窗的韩屋以及招蚊子的体质搭配在一起,我感到了绝望', '68', '无线网络,厨房,洗发水,吹风机', '2', '韩国,首尔,江南区', null, 'comment.png', 'uncollection.png,hascollectioned.png', '', '1');
INSERT INTO `product` VALUES ('12', '@Middle of Gangnam_ Stay with Locals', 'ke_lz2_1.jpg,ke_lz2_2.jpg,ke_lz2_3.jpg,ke_lz2_4.jpg,ke_lz2_5.jpg', '215.00', 'bh_lz1_12houseowner.jpg', 'Hayato', '整套', '1间卧室', '1张床', '60m²', '- Located in center of Gangnam\r\n- Very quiet and safe residential area in Gangnam\r\n- Very close from COEX, Apgujeong, Cheongdam, Sinsa area', '房东美女人超级棒~美丽善良哈哈!和她生活的几天很开心。房子靠近地铁9号线很方便!下次去韩国还会选择这里', '58', '无线网络,厨房,洗发水,吹风机', '2', '韩国,首尔,江南区', null, 'comment.png', 'uncollection.png,hascollectioned.png', null, null);
INSERT INTO `product` VALUES ('13', 'Dwyane\'s luxury house', 'ke_lz3_1.jpg,ke_lz3_2.jpg,ke_lz3_3.jpg,ke_lz3_4.jpg,ke_lz3_5.jpg', '1532.00', 'bh_lz1_13houseowner.jpg', ' & Keiko', '整套公寓', '3间卧室', '3张床', '80m²', 'Great view with luxury interior and good location. \r\nThis is one of most luxury place in middle of Gangnam.\r\nWith music instrument, with amazing view,', '房子超美的,底下就是地铁口,对面还有江南最大的商场,吃饭购物都非常方便,拍了好多美美的照片,喜欢,下次还会住\r\n', '88', '无线网络,厨房,洗发水,吹风机', '2', '韩国,首尔,麻浦区', null, 'comment.png', 'uncollection.png,hascollectioned.png', null, '');
INSERT INTO `product` VALUES ('14', '[HongDae] 1min from Hongik Unv. Stn', 'ke_lz4_1.jpg,ke_lz4_2.jpg,ke_lz4_3.jpg,ke_lz4_4.jpg,ke_lz4_5.jpg', '385.00', 'bh_lz1_14houseowner.jpg', 'Kumiko', '整套公寓 ', '	1间卧室', '	2张床', '60m²', '- The best travel location in Seoul\r\n- Urban boutique interior\r\n- AREX(Airport subway line)', 'Miae是一位很棒的房东,提问都会很快回复。房子在弘大3号出口地铁站可以直达的位置,从机场过来可以直接坐机场专线到达,非常方便。推荐。', '45', '无线网络,厨房,洗发水,吹风机', '2', '韩国,首尔,麻浦区', null, 'comment.png', 'uncollection.png,hascollectioned.png', null, null);
INSERT INTO `product` VALUES ('15', '★ Myeong Dong Portable Wifi #1 ★', 'ke_lz5_1.jpg,ke_lz5_2.jpg,ke_lz5_3.jpg,ke_lz5_4.jpg,ke_lz5_5.jpg', '359.00', 'bh_lz1_15houseowner.jpg', '&Miri', '整套房子  ', '1间卧室', '1张床', '56m²', 'If your dates are not available for this house, please check below my another house in the same building. ( same structure with different deco )\r\n.\r\nhttps://www.airbnb.com/rooms/15074083', '房子跟照片呈现的一样,特别干净,距离明洞走路10来分钟,房东人也很热情,下次来一定还住这里~\r\n', '66', '无线网络,厨房,洗发水,吹风机', '2', '韩国,首尔,中区', null, 'comment.png', 'uncollection.png,hascollectioned.png', null, null);
INSERT INTO `product` VALUES ('16', '100岁,韩国传统家庭,首尔中心, 1-2人, 私人厕所', 'ke_lz6_1.jpg,ke_lz6_2.jpg,ke_lz6_3.jpg,ke_lz6_4.jpg,ke_lz6_5.jpg', '548.00', 'bh_lz1_16houseowner.jpg', 'Jblu', '独立房间', '1间卧室', '2张床', '78m²', 'Good location! @Aeogae Station Sub Way Line 5, just 300 meters.\r\nYour home-away-from-home in Seoul is\r\na charming, completely remodeled apartment in the center of Seoul.', '出了小区大门就是地铁站 交通很方便 旁边也有便利店咖啡店之类的 房间很干净卫生 下了飞机之后坐地铁或者大巴就能到 叔叔会在下车的地方接 早上会准备早餐 英文都能交流 叔叔阿姨都很亲切热情 人也很好 下次来首尔希望还能住在这里', '78', '无线网络,厨房,洗发水,吹风机', '2', '韩国,首尔,麻浦区', null, 'comment.png', 'uncollection.png,hascollectioned.png', null, null);
INSERT INTO `product` VALUES ('17', 'Traditional house with Cats and Books - A', 'ke_lz7_1.jpg,ke_lz7_2.jpg,ke_lz7_3.jpg,ke_lz7_4.jpg,ke_lz7_5.jpg', '196.00', 'bh_lz1_17houseowner.jpg', 'Koudimi', '独立房间 ', '1间卧室', '1张床', '50m²', '* No Korean lodgers.\r\nDongdaemun and two flea markets are in walking distance.\r\n5 minutes to the subway station and 3 minutes to the airport bus stop on foot.', '很喜欢这里的环境,很温馨,房东很热情,周围地铁方便,超市也有,很不错', '45', '无线网络,厨房,洗发水,吹风机', '2', '韩国,首尔,钟路区', null, 'comment.png', 'uncollection.png,hascollectioned.png', null, null);
INSERT INTO `product` VALUES ('18', 'OPEN SALE!! @Gyeongbokgung!', 'ke_lz8_1.jpg,ke_lz8_2.jpg,ke_lz8_3.jpg,ke_lz8_4.jpg,ke_lz8_5.jpg', '339.00', 'bh_lz1_18houseowner.jpg', 'Zmaoc', '整套公寓', '1间卧室', '3张床', '60m²', 'Located in Center of Seoul city (10 mins away from KyoungBok Palace by walking, 20 mins away from ChangDuk Palace by public transportation)\r\nroomy and cozy place (up to 6 ppl)\r\nDUPLEX #2: https://www.ai…', '房东不错回复一直很及时,房子位置有点难找,但是是靠近光华门景福宫的,在景福宫3号线站!房子设施很齐全的也很干净,我们住了四晚很愉快!', '65', '无线网络,厨房,洗发水,吹风机', '2', '韩国,首尔,钟路区', null, 'comment.png', 'uncollection.png,hascollectioned.png', null, null);
INSERT INTO `product` VALUES ('19', 'FREE_WIFI_Homestay@Mapo Miffy\'s B&B', 'ke_lz9_1.jpg,ke_lz9_2.jpg,ke_lz9_3.jpg,ke_lz9_4.jpg,ke_lz9_5.jpg', '196.00', 'bh_lz1_19houseowner.jpg', 'Duilz', '独立房间 ', '1间卧室', '2张床', '40m²', 'Good location! @Aeogae Station Sub Way Line 5, just 300 meters.\r\nYour home-away-from-home in Seoul is\r\na charming, completely remodeled apartment in the center of Seoul.', '出了小区大门就是地铁站 交通很方便 旁边也有便利店咖啡店之类的 房间很干净卫生 下了飞机之后坐地铁或者大巴就能到 叔叔会在下车的地方接 早上会准备早餐 英文都能交流 叔叔阿姨都很亲切热情 人也很好 下次来首尔希望还能住在这里', '134', '无线网络,厨房,洗发水,吹风机', '2', '韩国,首尔,麻浦区', null, 'comment.png', 'uncollection.png,hascollectioned.png', null, null);
INSERT INTO `product` VALUES ('20', '*Modern Vintage* BHAUS at Hongdae stn. AREX 3min!!', 'ke_lz10_1.jpg,ke_lz10_2.jpg,ke_lz10_3.jpg,ke_lz10_4.jpg,ke_lz10_5.jpg', '183.00', 'bh_lz1_20houseowner.jpg', 'GUnm', '整套房子', '1间卧室', '2张床', '60m²', '# Real Artist house in Seoul.\r\n# Vintage mood but All new.\r\n# Hongdae AREX stn. 3min. by walk. (airport subway line 6 Gate)', '카페같은 인테리어라 어디서 사진을 찍어도 예쁘게 나옵니다. 쇼파 베드가 생각보다 크고 정말 푹신해서 잘 때도 편했습니다. 창이 없어서 답답할까 걱정했는데 오히려 아늑한 느낌이어서 좋았습니다. 난방이 잘 되어서 따뜻하고 와이파이가 정말 빠릅니다!', '444', '无线网络,厨房,洗发水,吹风机', '2', '韩国,首尔,麻浦区', null, 'comment.png', 'uncollection.png,hascollectioned.png', null, null);
INSERT INTO `product` VALUES ('21', 'Rice Barn and Rooms near Chiang Mai', 'qm_lz1_1.jpg,qm_lz1_2.jpg,qm_lz1_3.jpg,qm_lz1_4.jpg,qm_lz1_5.jpg', '404.00', 'bh_lz1_21houseowner.jpg', 'Zimi', '整栋木屋', '1间卧室', '	1张床', '60m²', 'Ever wanted to stay in a Teak House?\r\nBeautiful converted Ricebarn near Chiang Mai and close to \"The Grand Canyon\". Self contained house, kitchen dinin…', '这是我们在清迈的家,我们第一天晚上很晚才到,Al耐心的给我们介绍家。白天在阳光的照射下,小木屋特别的漂亮,希望我们下次可以继续回到这里\r\n', '238', '无线网络,厨房,洗发水,吹风机', '3', '泰国，清迈，清迈', null, 'comment.png', 'uncollection.png,hascollectioned.png', '1', null);
INSERT INTO `product` VALUES ('22', 'Condominium in center of Nimmanhemin road.', 'qm_lz2_1.jpg,qm_lz2_2.jpg,qm_lz2_3.jpg,qm_lz2_4.jpg,qm_lz2_5.jpg', '356.00', 'bh_lz1_22houseowner.jpg', '&kuodom', '独立房间', '单间公寓', '1张床', '40m²', '\"Our place from our deep heart\"\r\n@palmspring Royal building\r', 'Hi. My name is Kroekkiat Suwanno. My nickname is BINN. I live in Chiangmai more than 10 years. nice to meet you.', '183', '无线网络,厨房,洗发水,吹风机', '3', '泰国，清迈，清迈府直辖县', null, 'comment.png', 'uncollection.png,hascollectioned.png', null, null);
INSERT INTO `product` VALUES ('23', 'Cozy , Best Location in Nimman Rd.(45)', 'qm_lz3_1.jpg,qm_lz3_2.jpg,qm_lz3_3.jpg,qm_lz3_4.jpg,qm_lz3_5.jpg', '267.00', 'bh_lz1_23houseowner.jpg', '&ZiMi', '独立房间 ', '1间卧室', '1张床', '40m²', 'Showcasing an outdoor pool and fitness center, It is located in Chiang Mai in the region of Chiang Mai Province, just 3.4 km from Wat Chiang Mai and Tha Pae Gate.', 'You can call me 24 Hr.', '45', '无线网络,厨房,洗发水,吹风机', '3', '泰国，清迈，清迈', null, 'comment.png', 'uncollection.png,hascollectioned.png', null, null);
INSERT INTO `product` VALUES ('24', 'Cozy Private Room Giant Swimming Pool', 'qm_lz4_1.jpg,qm_lz4_2.jpg,qm_lz4_3.jpg,qm_lz4_4.jpg,qm_lz4_5.jpg', '228.00', 'bh_lz1_24houseowner.jpg', 'Mr.N', '独立房间', '1间卧室', '1张床', '40m²', 'Showcasing an outdoor pool and fitness center, It is located in Chiang Mai in the region of Chiang Mai Province, just 3.4 km from Wat Chiang Mai and Tha Pae Gate.', 'The condo is conveniently located next to Central Festival. You can find all you need there including Cafe, Thai or Western restaurants, food court, grocery shops, book shops, kids play room, movie ', '48', '无线网络,免费停车位,厨房,洗发水', '3', '泰国，清迈，泰国', null, 'comment.png', 'uncollection.png,hascollectioned.png', null, null);
INSERT INTO `product` VALUES ('25', 'Lin Residence&Dcondo Nim极致高端公寓民宿', 'qm_lz5_1.jpg,qm_lz5_2.jpg,qm_lz5_3.jpg,qm_lz5_4.jpg,qm_lz5_5.jpg', '111.00', 'bh_lz1_25houseowner.jpg', 'Woody', '整套公寓', '1间卧室', '	1张床', '34m²', '公寓有直接通往清迈最大的购物中心Central Festval的VIP通道(步行3分钟)。免费大型游泳池和设备齐全的免费健身房。商场门外有免费的班车去老城,也有等待客人的出租车,交通非常方便。\r', '非常棒的公寓 在清迈最大的商场central festival旁边 打车70-80泰铢即可到达清迈古城 房间内布置非常用心 很适合拍照 公寓内设施都很齐全', '228', '无线网络,免费停车位,厨房,洗发水', '3', '泰国，清迈，清迈府直辖县', null, 'comment.png', 'uncollection.png,hascollectioned.png', null, null);
INSERT INTO `product` VALUES ('26', 'Cozy house at foot of Doi Suthep', 'qm_lz6_1.jpg,qm_lz6_2.jpg,qm_lz6_3.jpg,qm_lz6_4.jpg,qm_lz6_5.jpg', '234.00', 'bh_lz1_26houseowner.jpg', '&Maick', '独立房间', '	1间卧室', '1张床', '40m²', 'Beautiful house in a jungle setting on the city\'s edge, just a 5-10 minute motorbike drive to the trendy Nimmanheiman district and the old city. Enjoy boutique shops, nature trails and temples within …', '很棒的房子!很棒的体验,租上摩托车,方便快捷。DA和PAE人简直太好了!uma太可爱了!即使不出去,就在小院子里呆着也是很不错的。\r\n', '35', '无线网络,免费停车位,厨房,洗发水', '3', '泰国，清迈，清迈', null, 'comment.png', 'uncollection.png,hascollectioned.png', null, null);
INSERT INTO `product` VALUES ('27', '3A with temple and mountain view + free breakfast', 'qm_lz7_1.jpg,qm_lz7_2.jpg,qm_lz7_3.jpg,qm_lz7_4.jpg,qm_lz7_5.jpg', '245.00', 'bh_lz1_25houseowner.jpg', 'Li&Lucase', '独立房间', '1间卧室', '1张床', '34m²', 'Our B&B is only 5 minutes walk to the old city of Chiang Mai, located in a safe and quiet neighbourhood. It was recently renovated in 2015. The room is fully furnished in contemporary colonial style. …', '房子很干净,装修风格也很喜欢又安静,睡得超级好。房东人超级好,第二天有事,可以晚上替你准备好早饭,还很好吃啊,楼下有个小咖啡店,很小资!!还让我们免费寄存行李,告诉我们哪里坐车等等,英语超烂用翻译器也无大障碍!!!', '68', '无线网络,免费停车位,厨房,洗发水', '3', '泰国，清迈，猜纳府城内区', null, 'comment.png', 'uncollection.png,hascollectioned.png', null, null);
INSERT INTO `product` VALUES ('28', 'Sherloft - (A) Private Room & Breakfast (Old City)', 'qm_lz8_1.jpg,qm_lz8_2.jpg,qm_lz8_3.jpg,qm_lz8_4.jpg,qm_lz8_5.jpg', '456.00', 'bh_lz1_24houseowner.jpg', 'Li&buibui', '独立房间', '1间卧室', '1张床\r\n', '54m²', 'Sherloft home is a very nice home locating in the center of Chiangmai city. is only 10 mins drive from Chiangmai international airport and 15-20 mins away from bus and train station. Several restauran…', '整幢小屋给人的感觉很清新,庭院清幽静谧,非常适合拍照,房间干净,出行很方便,而且随便一搜附近就有很多餐厅,房东虽然不讲中文但非常热情。\r\n', '58', '无线网络,免费停车位,厨房,洗发水', '3', '泰国，清迈，猜纳府城内区', null, 'comment.png', 'uncollection.png,hascollectioned.png', null, null);
INSERT INTO `product` VALUES ('29', 'Cozy house at foot of Doi Suthep', 'qm_lz9_1.jpg,qm_lz9_2.jpg,qm_lz9_3.jpg,qm_lz9_4.jpg,qm_lz9_5.jpg', '345.00', 'bh_lz1_23houseowner.jpg', 'M&Lica', '独立房间', '1间卧室', '2张床', '44m²', 'Beautiful house in a jungle setting on the city\'s edge, just a 5-10 minute motorbike drive to the trendy Nimmanheiman district and the old city. Enjoy boutique shops, nature trails and temples within …', '很棒的房子!很棒的体验,租上摩托车,方便快捷。DA和PAE人简直太好了!uma太可爱了!即使不出去,就在小院子里呆着也是很不错的。\r\n', '128', '无线网络,免费停车位,厨房,洗发水', '3', '泰国，清迈，清迈', null, 'comment.png', 'uncollection.png,hascollectioned.png', null, null);
INSERT INTO `product` VALUES ('30', 'Live n\' Leaf lifestyle Homestay - 2 (Old city)', 'qm_lz10_1.jpg,qm_lz10_2.jpg,qm_lz10_3.jpg,qm_lz10_4.jpg,qm_lz10_5.jpg', '139.00', 'bh_lz1_22houseowner.jpg', 'Q&Limimi', '独立房间', '1间卧室', '2张床', '34m²', 'Live n\' leaf lifestyle Homestay and Cafe is located in the middle of Chiangmai old town, closed to Suan Prung Gate. All of our rooms (with private bathrooms) are different in beautiful decorations and…', '房间位置靠近清迈门,交通很方便,房间干净整洁,又很温馨,特别喜欢房间的风格。前台的小姐姐很好,找不到地方特地来接我们,万分感谢!下次去还要住这里。\r\n', '122', '无线网络,免费停车位,厨房,洗发水', '3', '泰国，清迈，清迈', null, 'comment.png', 'uncollection.png,hascollectioned.png', null, null);
INSERT INTO `product` VALUES ('31', 'Live n\' Leaf lifestyle Homestay - 2 (Old city)', 'qm_lz10_1.jpg,qm_lz10_2.jpg,qm_lz10_3.jpg,qm_lz10_4.jpg,qm_lz10_5.jpg', '139.00', 'bh_lz1_22houseowner.jpg', 'Q&Limimi', '独立房间', '1间卧室', '2张床', '34m²', 'Live n\' leaf lifestyle Homestay and Cafe is located in the middle of Chiangmai old town, closed to Suan Prung Gate. All of our rooms (with private bathrooms) are different in beautiful decorations and…', '房间位置靠近清迈门,交通很方便,房间干净整洁,又很温馨,特别喜欢房间的风格。前台的小姐姐很好,找不到地方特地来接我们,万分感谢!下次去还要住这里。\r\n', '122', '无线网络,免费停车位,厨房,洗发水', '3', '泰国，清迈，清迈', null, 'comment.png', 'uncollection.png,hascollectioned.png', null, null);
INSERT INTO `product` VALUES ('32', 'Live n\' Leaf lifestyle Homestay - 2 (Old city)', 'qm_lz10_1.jpg,qm_lz10_2.jpg,qm_lz10_3.jpg,qm_lz10_4.jpg,qm_lz10_5.jpg', '139.00', 'bh_lz1_22houseowner.jpg', 'Q&Limimi', '独立房间', '1间卧室', '2张床', '34m²', 'Live n\' leaf lifestyle Homestay and Cafe is located in the middle of Chiangmai old town, closed to Suan Prung Gate. All of our rooms (with private bathrooms) are different in beautiful decorations and…', '房间位置靠近清迈门,交通很方便,房间干净整洁,又很温馨,特别喜欢房间的风格。前台的小姐姐很好,找不到地方特地来接我们,万分感谢!下次去还要住这里。\r\n', '122', '无线网络,免费停车位,厨房,洗发水', '3', '泰国，清迈，清迈', null, 'comment.png', 'uncollection.png,hascollectioned.png', null, null);
INSERT INTO `product` VALUES ('33', 'Live n\' Leaf lifestyle Homestay - 2 (Old city)', 'qm_lz10_1.jpg,qm_lz10_2.jpg,qm_lz10_3.jpg,qm_lz10_4.jpg,qm_lz10_5.jpg', '139.00', 'bh_lz1_22houseowner.jpg', 'Q&Limimi', '独立房间', '1间卧室', '2张床', '34m²', 'Live n\' leaf lifestyle Homestay and Cafe is located in the middle of Chiangmai old town, closed to Suan Prung Gate. All of our rooms (with private bathrooms) are different in beautiful decorations and…', '房间位置靠近清迈门,交通很方便,房间干净整洁,又很温馨,特别喜欢房间的风格。前台的小姐姐很好,找不到地方特地来接我们,万分感谢!下次去还要住这里。\r\n', '122', '无线网络,免费停车位,厨房,洗发水', '3', '泰国，清迈，清迈', null, 'comment.png', 'uncollection.png,hascollectioned.png', null, null);
INSERT INTO `product` VALUES ('34', 'Live n\' Leaf lifestyle Homestay - 2 (Old city)', 'qm_lz10_1.jpg,qm_lz10_2.jpg,qm_lz10_3.jpg,qm_lz10_4.jpg,qm_lz10_5.jpg', '139.00', 'bh_lz1_22houseowner.jpg', 'Q&Limimi', '独立房间', '1间卧室', '2张床', '34m²', 'Live n\' leaf lifestyle Homestay and Cafe is located in the middle of Chiangmai old town, closed to Suan Prung Gate. All of our rooms (with private bathrooms) are different in beautiful decorations and…', '房间位置靠近清迈门,交通很方便,房间干净整洁,又很温馨,特别喜欢房间的风格。前台的小姐姐很好,找不到地方特地来接我们,万分感谢!下次去还要住这里。\r\n', '122', '无线网络,免费停车位,厨房,洗发水', '3', '泰国，清迈，清迈', null, 'comment.png', 'uncollection.png,hascollectioned.png', null, null);
INSERT INTO `product` VALUES ('35', 'Live n\' Leaf lifestyle Homestay - 2 (Old city)', 'qm_lz10_1.jpg,qm_lz10_2.jpg,qm_lz10_3.jpg,qm_lz10_4.jpg,qm_lz10_5.jpg', '139.00', 'bh_lz1_22houseowner.jpg', 'Q&Limimi', '独立房间', '1间卧室', '2张床', '34m²', 'Live n\' leaf lifestyle Homestay and Cafe is located in the middle of Chiangmai old town, closed to Suan Prung Gate. All of our rooms (with private bathrooms) are different in beautiful decorations and…', '房间位置靠近清迈门,交通很方便,房间干净整洁,又很温馨,特别喜欢房间的风格。前台的小姐姐很好,找不到地方特地来接我们,万分感谢!下次去还要住这里。\r\n', '122', '无线网络,免费停车位,厨房,洗发水', '3', '泰国，清迈，清迈', null, 'comment.png', 'uncollection.png,hascollectioned.png', null, null);
INSERT INTO `product` VALUES ('36', 'Live n\' Leaf lifestyle Homestay - 2 (Old city)', 'qm_lz10_1.jpg,qm_lz10_2.jpg,qm_lz10_3.jpg,qm_lz10_4.jpg,qm_lz10_5.jpg', '139.00', 'bh_lz1_22houseowner.jpg', 'Q&Limimi', '独立房间', '1间卧室', '2张床', '34m²', 'Live n\' leaf lifestyle Homestay and Cafe is located in the middle of Chiangmai old town, closed to Suan Prung Gate. All of our rooms (with private bathrooms) are different in beautiful decorations and…', '房间位置靠近清迈门,交通很方便,房间干净整洁,又很温馨,特别喜欢房间的风格。前台的小姐姐很好,找不到地方特地来接我们,万分感谢!下次去还要住这里。\r\n', '122', '无线网络,免费停车位,厨房,洗发水', '3', '泰国，清迈，清迈', null, 'comment.png', 'uncollection.png,hascollectioned.png', null, null);
INSERT INTO `product` VALUES ('37', 'Live n\' Leaf lifestyle Homestay - 2 (Old city)', 'qm_lz10_1.jpg,qm_lz10_2.jpg,qm_lz10_3.jpg,qm_lz10_4.jpg,qm_lz10_5.jpg', '139.00', 'bh_lz1_22houseowner.jpg', 'Q&Limimi', '独立房间', '1间卧室', '2张床', '34m²', 'Live n\' leaf lifestyle Homestay and Cafe is located in the middle of Chiangmai old town, closed to Suan Prung Gate. All of our rooms (with private bathrooms) are different in beautiful decorations and…', '房间位置靠近清迈门,交通很方便,房间干净整洁,又很温馨,特别喜欢房间的风格。前台的小姐姐很好,找不到地方特地来接我们,万分感谢!下次去还要住这里。\r\n', '122', '无线网络,免费停车位,厨房,洗发水', '3', '泰国，清迈，清迈', null, 'comment.png', 'uncollection.png,hascollectioned.png', null, null);
INSERT INTO `product` VALUES ('38', 'Live n\' Leaf lifestyle Homestay - 2 (Old city)', 'qm_lz10_1.jpg,qm_lz10_2.jpg,qm_lz10_3.jpg,qm_lz10_4.jpg,qm_lz10_5.jpg', '139.00', 'bh_lz1_22houseowner.jpg', 'Q&Limimi', '独立房间', '1间卧室', '2张床', '34m²', 'Live n\' leaf lifestyle Homestay and Cafe is located in the middle of Chiangmai old town, closed to Suan Prung Gate. All of our rooms (with private bathrooms) are different in beautiful decorations and…', '房间位置靠近清迈门,交通很方便,房间干净整洁,又很温馨,特别喜欢房间的风格。前台的小姐姐很好,找不到地方特地来接我们,万分感谢!下次去还要住这里。\r\n', '122', '无线网络,免费停车位,厨房,洗发水', '3', '泰国，清迈，清迈', null, 'comment.png', 'uncollection.png,hascollectioned.png', null, null);
INSERT INTO `product` VALUES ('39', 'Live n\' Leaf lifestyle Homestay - 2 (Old city)', 'qm_lz10_1.jpg,qm_lz10_2.jpg,qm_lz10_3.jpg,qm_lz10_4.jpg,qm_lz10_5.jpg', '139.00', 'bh_lz1_22houseowner.jpg', 'Q&Limimi', '独立房间', '1间卧室', '2张床', '34m²', 'Live n\' leaf lifestyle Homestay and Cafe is located in the middle of Chiangmai old town, closed to Suan Prung Gate. All of our rooms (with private bathrooms) are different in beautiful decorations and…', '房间位置靠近清迈门,交通很方便,房间干净整洁,又很温馨,特别喜欢房间的风格。前台的小姐姐很好,找不到地方特地来接我们,万分感谢!下次去还要住这里。\r\n', '122', '无线网络,免费停车位,厨房,洗发水', '3', '泰国，清迈，清迈', null, 'comment.png', 'uncollection.png,hascollectioned.png', null, null);
INSERT INTO `product` VALUES ('40', 'Live n\' Leaf lifestyle Homestay - 2 (Old city)', 'qm_lz10_1.jpg,qm_lz10_2.jpg,qm_lz10_3.jpg,qm_lz10_4.jpg,qm_lz10_5.jpg', '139.00', 'bh_lz1_22houseowner.jpg', 'Q&Limimi', '独立房间', '1间卧室', '2张床', '34m²', 'Live n\' leaf lifestyle Homestay and Cafe is located in the middle of Chiangmai old town, closed to Suan Prung Gate. All of our rooms (with private bathrooms) are different in beautiful decorations and…', '房间位置靠近清迈门,交通很方便,房间干净整洁,又很温馨,特别喜欢房间的风格。前台的小姐姐很好,找不到地方特地来接我们,万分感谢!下次去还要住这里。\r\n', '122', '无线网络,免费停车位,厨房,洗发水', '3', '泰国，清迈，清迈', null, 'comment.png', 'uncollection.png,hascollectioned.png', null, null);
INSERT INTO `product` VALUES ('41', '多元文化房间设有一张双层床', 'lsj1.jpg', '352.00', 'lsj_touxiang1.jpg', 'Linlin', '合住', '1室1厅', '1张床', '52m²', ' 我们距离洛杉矶市中心有7英里，距离I-10高速公路有4个街区。 这不是一个私人房间。请确保您在确认预订之前了解此内容。 如果你有一辆车，它是被城市许可停车的，每晚收取$ 5。 我们将为您取得许可证。 你需要为许可证支付一些费用。', '非常温馨有家的感觉,琳琳阿姨很热情,处处照顾都很悉心。', '6', '毛巾,洗发水,电视,空调', '5', '美国，加利福尼亚州，洛杉矶', '', 'comment.png', 'uncollection.png,hascollectioned.png', null, '1');
INSERT INTO `product` VALUES ('42', '洛杉矶豪宅上下铺A1', 'lsj2.jpg', '139.00', 'lsj_touxiang2.jpg', 'Leah', '合住', '6室2厅', '2张床', '360m²', '全新超大豪华别墅,我们的床用上等的樱桃木制作，非常结实。非常大的院子可以停车,走路5分鐘到Valley大道76路和266路公车站,走路12分鐘可以到Rosemead大道上的176路和266路公车站。3分鐘上高速,12分鐘到洛杉磯市中心。免费停车,免费洗衣,免费WiFi', '房东和管家很nice,房子虽然有点历史但五脏也挺俱全的:)', '3', '毛巾,洗发水,电视,空调', '5', '美国，加利福尼亚州，洛杉矶', null, 'comment.png', 'uncollection.png,hascollectioned.png', null, null);
INSERT INTO `product` VALUES ('43', '洛杉矶fontana  干净卫生雅房一间', 'lsj3.jpg', '352.00', 'lsj_touxiang3.jpg', 'fiona', '单间', '1室1厅', '1张床', '52m²', '位于洛杉矶fontana，独栋别墅,设施新，环境优美，宁静内街,交通四通八达,非常方便.免费高速上网，电视，免費国际长途电话，洗衣，干衣,餐具，包水电,热水。出租雅房面积25平米。', '非常友好，极力推荐。', '2', '毛巾,洗发水,电视,空调', '5', '美国，加利福尼亚州，洛杉矶', null, 'comment.png', 'uncollection.png,hascollectioned.png', null, null);
INSERT INTO `product` VALUES ('44', '洛杉矶 LA好客民宿 雅房#2', 'lsj4.jpg', '317.00', 'lsj_touxiang4.jpg', 'axiba', '单间', '1室1厅', '1张床', '50m²', '民宿位于洛杉矶圣盖博，邻近城市及村庄 : 柔似蜜, 圣玛利诺 和 阿罕布拉，大概有100万左右华人集中。有发达的公交车及轻铁系统，出行都十分的便利。', '非常友好，极力推荐。', '10', '毛巾,洗发水,电视,空调', '5', '美国，加利福尼亚州，洛杉矶', null, 'comment.png', 'uncollection.png,hascollectioned.png', null, null);
INSERT INTO `product` VALUES ('45', '山景视图/单人房', 'lsj5.jpg', '293.00', 'lsj_touxiang5.jpg', 'sam', '单间', '1室1房', '2张床', '60m²', ' 最低价格， 配备齐全，有47“纯平电视，洗衣机和烘干机，最快的互联网，城市景观，靠近市场和餐厅和高尔夫球场。比酒店更好。', '房东和管家很nice,房子虽然有点历史但五脏也挺俱全的:)', '7', '毛巾,WIFI,电视,空调', '5', '美国，加利福尼亚州，洛杉矶', null, 'comment.png', 'uncollection.png,hascollectioned.png', null, null);
INSERT INTO `product` VALUES ('46', '罗兰岗 闹中取静 单间', 'lsj6.jpg', '317.00', 'lsj_touxiang6.jpg', 'lily', '单间', '1室2厅', '2张床', '60m²', '为你提供一个家一般的居住环境，为你的短途旅行增添温暖，拎包入住，房东待人友好', '非常友好，极力推荐。', '8', '毛巾,WIFI,电视,空调', '5', '美国，加利福尼亚州，洛杉矶', null, 'comment.png', 'uncollection.png,hascollectioned.png', null, null);
INSERT INTO `product` VALUES ('47', '洛杉矶奇诺百佳社区欧式家居拎包入住', 'lsj7.jpg', '493.00', 'lsj_touxiang7.jpg', 'tom', '合住', '1室2厅', '2张床', '46m²', '嘉宇坐落于美丽的洛杉矶奇诺豪华社区college park，绿树成荫设施全，', '非常温馨有家的感觉,琳琳阿姨很热情,处处照顾都很悉心。', '6', '毛巾,WIFI,电视,空调', '5', '美国，加利福尼亚州，洛杉矶', null, 'comment.png', 'uncollection.png,hascollectioned.png', null, null);
INSERT INTO `product` VALUES ('48', 'Arcadia 亚凯迪亚市优美独栋别墅', 'lsj8.jpg', '1886.00', 'lsj_touxiang8.jpg', 'sucan', '整套', '4室2厅', '4张床', '300m²', '将入住的是一栋优美的两层别墅,四房三浴,总面积近300平米。坐落于洛杉矶郡亚凯迪亚市中心, 是旅美华人的生活天堂。', '非常友好，极力推荐。', '16', '毛巾,WIFI,电视,空调', '5', '美国，加利福尼亚州，洛杉矶', null, 'comment.png', 'uncollection.png,hascollectioned.png', null, null);
INSERT INTO `product` VALUES ('49', '洛杉矶4房3.5浴独立屋，前后花园，可单间出租', 'lsj9.jpg', '2533.00', 'lsj_touxiang9.jpg', 'zzzyy', '整套', '4室2厅', '4张床', '200m²', '整栋租$400/天，大套房$120/天，中套房$80/天，公用卫生间的雅房$60/天（目前不能预订，里面的客人住到2017年的5月）', '房东人非常nice！一開始找不到位置還親自出來帶我到过去，也很親切介紹好吃好玩的地方。', '2', '毛巾,WIFI,电视,空调', '5', '美国，加利福尼亚州，洛杉矶', null, 'comment.png', 'uncollection.png,hascollectioned.png', null, null);
INSERT INTO `product` VALUES ('50', '小区全新配置安静私密的三房独栋别墅', 'lsj10.jpg', '200.00', 'lsj_touxiang10.jpg', 'lawlaw', '单间', '1室1厅', '5张床', '52m²', '房间有卫浴及单独出入口，非常方便。高速WiFi 全面覆盖，提供停车位。\r\n房屋位于罗兰岗繁华地区，2英里以内拥有多家中国超市和各种特色餐馆.Macy’s ,Walmart,target，', '非常友好，极力推荐。', '10', '毛巾,WIFI,电视,空调', '5', '美国，加利福尼亚州，洛杉矶', null, 'comment.png', 'uncollection.png,hascollectioned.png', null, null);
INSERT INTO `product` VALUES ('51', '中文可|近天空树|车站5分|精装公寓102', 'dj1.jpg', '441.00', 'dj_touxiang1.jpg', 'silly', '整套', '1室2厅', '2张床', '66m²', '1.位于浅草天空树附近,步行至最近的车站“本所吾妻桥”仅需5分钟。房子旁边就是着名的赏樱圣地隅田公园。', '地點很好,離地鐵站和便利商店也很近,房間很整潔', '5', '毛巾,WIFI,电视,空调', '6', '日本,东京都,墨田区', null, 'comment.png', 'uncollection.png,hascollectioned.png', '1', null);
INSERT INTO `product` VALUES ('52', '2/4距离JR八王子车站徒步5分钟之东京8home东京民宿【八王子之家】 - 阁楼床和式房', 'dj2.jpg', '500.00', 'dj_touxiang2.jpg', 'lucy', '整套', '2室2厅', '3张床', '188m²', '您出国人生地不熟，还选择非法的住宿，将自己与您的家人，亲自好友置于危险之地，一旦有任何事故发生，造成一生永远无法抹灭的伤痛吗？乍看之下好像便宜（有的还更贵呢！），其实反而亏大了呢！', '房东人非常nice！一開始找不到位置還親自出來帶我到过去，也很親切介紹好吃好玩的地方。', '23', '毛巾,WIFI,电视,空调', '6', '日本,东京都,墨田区', null, 'comment.png', 'uncollection.png,hascollectioned.png', null, '1');
INSERT INTO `product` VALUES ('53', '桜枫女子会馆1号楼2A', 'dj3.jpg', '181.00', 'dj_touxiang3.jpg', 'xixi', '单间', '1室1厅', '2张床', '56m²', '樱枫女子会馆号馆位于东武东上线中板桥站南出口，步行约10分钟，或从有乐町线小竹向原站步行约16分钟。', '非常友好，极力推荐。', '14', '毛巾,WIFI,电视,空调', '6', '日本,东京都,墨田区', null, 'comment.png', 'uncollection.png,hascollectioned.png', null, null);
INSERT INTO `product` VALUES ('54', '上野•浅草•秋叶原•山手线步行3分钟②', 'dj4.jpg', '205.00', 'dj_touxiang4.jpg', 'yoyo', '单间', '1室1厅', '2张床', '47m²', '这里是背包客栈，有世界各地的背包客居住，位于东京上野世界遗产☆国立西洋美术馆☆旁边的鶯谷駅.', '一个人住很不错 环境干净 这次住在207 住了3天 环境也安静 没有很多客人吵闹 附近也有地铁和jr 交通不错的 很愉快的一次住宿', '5', '毛巾,洗发水,电视,空调', '6', '日本,东京都,墨田区', null, 'comment.png', 'uncollection.png,hascollectioned.png', null, null);
INSERT INTO `product` VALUES ('55', '高円寺车站步行四分钟单人间', 'dj5.jpg', '227.00', 'dj_touxiang5.jpg', 'zozo', '单间', '1室1厅', '1张床', '46m²', '住所距离JR高円寺车站只需步行4分钟，丸之内线的新高円寺车站只需步行6分钟。交通便捷，出行方便 。到新宿，涩谷，上野等旅游景点超方便。搭乘电车到新宿只需7分钟。附近有ルック商店街，パル商店街、纯情商店街，街上有很多餐饮店，服饰店，平价超市，果蔬店，居酒屋，药妆店等，还有日本最大的中古市场，市场上出售的都是欧美名牌商品。闲暇之余，走走逛逛，既可以品尝到特色美食，购买到物美价廉的商品，还可以体验到日本当地的生活。', '非常友好，极力推荐。', '6', '毛巾,WIFI,电视,空调', '6', '日本,东京都,墨田区', null, 'comment.png', 'uncollection.png,hascollectioned.png', null, null);
INSERT INTO `product` VALUES ('56', '(包机场接送) 表参道4分钟 设计师公寓', 'dj6.jpg', '3519.00', 'dj_touxiang6.jpg', 'yoko', '整套', '2室2厅', '4张床', '300m²', '位于表参道站高级住宅的地方，为您的品牌购物的着名的地方品种与咖啡馆，享受的需求。', '我们需要的设施都很好。包括便携式wifi和家庭wifi。舒适的公寓。', '9', '毛巾,WIFI,电视,空调', '6', '日本,东京都,墨田区', null, 'comment.png', 'uncollection.png,hascollectioned.png', null, null);
INSERT INTO `product` VALUES ('57', '银座GZ207', 'dj7.jpg', '713.00', 'dj_touxiang7.jpg', 'xoxo', '整套', '3室2厅', '5张床', '188m²', '欢迎情侣出游或者家庭出游的朋友们来预定这个房子。新房子,新装修,新床,一切都是新的。整套房子,一室一卫一厨一浴,房子位置好,东京银座高档小区。靠近银座中央道、筑地海鲜市场、台场、日本桥、东京站。楼下就是地铁站,出行方便,走路2分钟到银座中央道,购物天堂,喜欢购物的您千万不要错过。因为房子位置好,比邻银座中央道、购物街、美食街,所您一定会爱上我的房源。徒步8分钟可到筑地海鲜市场,早上五点起来走到海鲜市场品尝最鲜的美味也是非常不错的选择。如此优质的房源,您不容错过。', '房东人非常nice！一開始找不到位置還親自出來帶我到过去，也很親切介紹好吃好玩的地方。', '10', '毛巾,洗发水,电视,空调', '6', '日本,东京都,墨田区', null, 'comment.png', 'uncollection.png,hascollectioned.png', null, null);
INSERT INTO `product` VALUES ('58', '15%OFF!六义园红叶景色,大正时代风装潢,2室1厅,4分到JR山手线,7分到池袋,15分到新宿', 'dj8.jpg', '912.00', 'dj_touxiang8.jpg', 'ailo', '整套', '2室2厅', '3张床', '122m²', '现在订刚好11月底到12月上旬能从阳台看到红叶!', '非常友好，极力推荐。', '5', '毛巾,洗发水,电视,空调', '6', '日本,东京都,墨田区', null, 'comment.png', 'uncollection.png,hascollectioned.png', null, null);
INSERT INTO `product` VALUES ('59', '102晴空塔徒步8分，浅草寺3分成田', 'dj9.jpg', '300.00', 'dj_touxiang9.jpg', 'lolo', '单间', '1室1厅', '1张床', '46m²', '欢迎来到我们的小家。本房源是坐落在东京着名旅游景点晴空塔下的一栋日式一户建三层小楼。我们共有五间房作为客房出租,本房间位于一层,两面大落地窗,采光非常的好。浴室,厕所,客厅厨房等是和其他客人一起共用的,厕所每层都有一个,共三个，所以不会给您的使用带来不便。 我们为您提供一次性牙刷,牙缸,毛巾,浴巾,洗发水,护发素,沐浴露等洗漱用品。还有冷热饮用水供您饮用。如有需要还可以免费租借自行车方便您的出行,更可以提供机场接送服务(收费)。 最近的车站为押上车站,从成田机场可乘坐京成sky access线一线直达,从羽田机场可乘坐京急快速线一线直达,交通非常便利。  ', '离晴空塔真的很近，有全家。安静的小巷子里。', '11', '毛巾,洗发水,电视,空调', '6', '日本,东京都,墨田区', null, 'comment.png', 'uncollection.png,hascollectioned.png', null, null);
INSERT INTO `product` VALUES ('60', 'NEW！710【8折优惠】中文可|新宿站步行5分|JR原宿10分|JR涩谷15分|羽田机场50分', 'dj10.jpg', '661.00', 'dj_touxiang10.jpg', 'rose', '整套', '1室1厅', '2张床', '25m²', '新宿黄金地段温馨高档酒店式公寓希望旅客能在这里享受到家的温暖。', '房間很整潔，位置方便，房東回覆很快，有什麼需要都會盡量幫忙解決，超讚的房東', '8', '毛巾,WIFI,电视,空调', '6', '日本,东京都,墨田区', null, 'comment.png', 'uncollection.png,hascollectioned.png', null, null);
INSERT INTO `product` VALUES ('61', '垦丁太空舱民宿 单人房', 'kd1.jpg', '105.00', 'kd_touxiang1.jpg', 'jay', '单间', '1室1厅', '1张床', '25m²', '星空/太空舱位于热闹的垦丁大街上，门口就是公共汽车站牌，附近有许多餐厅及纪念品店，无论是交通或是购物都相当方便，白天可至附近的大湾沙滩玩水，晚上则能就近享受垦丁夜市的热情魅力。', '床铺干净卫生，宾馆风格独树一帜～洗澡洗漱都很方便～服务态度较好', '5', '毛巾,洗发水,电视,空调', '7', '台湾，屏东县，恒春镇', null, 'comment.png', 'uncollection.png,hascollectioned.png', null, '1');
INSERT INTO `product` VALUES ('62', '垦丁--吉境旅店 主题特色 单人套房 (适合一个人旅行的你)', 'kd2.jpg', '186.00', 'kd_touxiang2.jpg', 'java', '单间', '1室1厅', '1张床', '22m²', '2010年12月31日南境的大街上一座民宿全新开幕位于热闹的垦丁大街上,主题式的房间走向现代极简风格 每个房间均提供42吋液晶大型萤幕,满足每位房客的视觉享受  您好，欢迎来信询问，或使用速订下单，谢谢您', '旅店位置就在垦丁大街上，晚上出来吃吃喝喝非常方便。进入旅店稍微有些闷热，房间有些老旧，但还算干净，只是。。。后来发现有蚂蚁，不过美女老板娘人很好，提供了很多帮助，还借了杀虫剂，每天出门前喷一下，抑制了蚂蚁，最后都没怎么再见到。希望旅店可以想想办法，解决蚂蚁的问题，毕竟还是会影响心情的。', '7', '毛巾,WIFI,电视,空调', '7', '台湾，屏东县，恒春镇', null, 'comment.png', 'uncollection.png,hascollectioned.png', null, null);
INSERT INTO `product` VALUES ('63', '垦丁--垦丁 日光.寓 1F 儿弄悠闲 单人房', 'kd3.jpg', '328.00', 'kd_touxiang3.jpg', '垦丁公寓', '单间', '1室1厅', '1张床', '22m²', '日光 . 寓 从2013年1月开始动工，我们自行设计、选料、施工，直到2013/10/1 对外营运民宿。 它位于垦丁船帆石附近，沙滩、海洋近在咫尺，在这儿，我们更显得悠游自在。   一楼有宽敞的大厅，大厅的餐桌、书架、各式的灯具、流理台等，都是由我们手工打造，更能呈现我们想要营造自在氛围。各个公寓的装潢设计自成一格，伴随垦丁的阳光、海洋，让旅人能有一个自在、放松、享受小旅行的好所在。   悠闲自在的空间，是旅人的另一个选择。', '房間很整潔，位置方便，房東回覆很快，有什麼需要都會盡量幫忙解決，超讚的房東', '5', '毛巾,洗发水,电视,空调', '7', '台湾，屏东县，恒春镇', null, 'comment.png', 'uncollection.png,hascollectioned.png', null, null);
INSERT INTO `product` VALUES ('64', '屏东--小琉球绿蠵龟潜水住宿 悠游个人房', 'kd4.jpg', '219.00', 'kd_touxiang4.jpg', 'susu', '单间', '1室1厅', '1张床', '25m²', '我们位于白沙尾码头(东琉线停靠码头)，下船后步行只要一分钟即可到达绿蠵龟潜水住宿唷。   小琉球蔚蓝海域具有丰富的渔业资源及良好的海洋生态栖地环境，时而发现绿蠵龟来访，沿岸长驻的绿蠵龟群约有3、400只，绿蠵龟都会上岸产卵，造就人与自然和谐共处的画面。 小琉球绿蠵龟潜水住宿特邀你一起徜徉海里与绿蠵龟同游，一起欣赏海龟曼妙泳姿，但游玩之余也别忘了一起保育可爱海龟，爱牠就别伤害他，一起为这海洋生态尽一份心力吧。   除了绿蠵龟之外，小琉球海域尚有各式多样性海洋生物、例如:软珊瑚、小丑鱼、海葵虾、海蛞蝓等美豔活泼的生物，当面对着您招手，亲临在身旁伴游，双足蛙鞋轻缓移动、配合缓慢的呼吸节奏，深深的引导我们自由潜在另一个水世界，一同揭开神秘的海底面纱，悠游在不同的蓝色珊瑚海境。潜在珊瑚群礁海境里，喂养鱼群同欢，无比惊豔充满左右。 潜了一天，卸下重装让自已轻松一下，为给客人有个舒适的睡眠品质，本店设有独特的上下床舖供客人休息，独立的个人空间有如日本特有的胶囊床舖睡觉时不受干扰， 床垫采用独立筒弹簧，贴合身形，睡得舒服。***************暂无交通指导。', '还好地理位置好', '4', '毛巾,WIFI,电视,空调', '7', '台湾，屏东县，恒春镇', null, 'comment.png', 'uncollection.png,hascollectioned.png', null, null);
INSERT INTO `product` VALUES ('65', '垦丁--垦丁方舟客栈 单人房上下舖', 'kd5.jpg', '87.00', 'kd_touxiang5.jpg', 'fang', '单间', '2室1厅', '2张床', '46m²', '乘着方舟‧前进海滨‧探寻秘境 　 “垦丁民宿‧方舟客栈”位于热闹的垦丁大街上，拥有绝佳便利的地理优势，旅客只要出了门就可漫游垦丁大街，采购特色美食及精美纪念品；民宿邻近小湾沙滩，旅人们步行即可前往沙滩戏水踏浪，尽想垦丁的海滨风情。 　 “垦丁民宿‧方舟客栈”大门口可爱童趣的绿色造景，加上镶上灰白石头的蓝白墙面，充分显现出垦丁海洋的闲情逸致。趋步登上民宿顶楼，即可享有远眺青蛙石的优美风景。 　 “垦丁民宿‧方舟客栈”主要提供可容纳二人及四人的简易精致房型，宽敞而幽密的住宿空间，以普普风格的墙面花样、干净明亮的住宿环境，配置上简易完善的家居设备，呈现海滨地区独有的淡雅闲情吹风机,舒适床舖,第四台,独立卫浴,冷气,冰箱,梳妆台,基本盥洗用具,浴巾,毛巾,观景窗/观景阳台,wifi(请自备网络连接线)', '还好地理位置好', '9', '毛巾,WIFI,电视,空调', '7', '台湾，屏东县，恒春镇', null, 'comment.png', 'uncollection.png,hascollectioned.png', null, null);
INSERT INTO `product` VALUES ('66', '屏东--夕阳红渡假庄园 时尚山景六人套房', 'kd6.jpg', '401.00', 'kd_touxiang6.jpg', 'xiyang', '单间', '2室1厅', '2张床', '25m²', '夕阳红渡假庄园就与垦丁海生馆比邻而座，不到两分钟的路程，让您彷彿就住在海生馆里!!民宿主人不惜重资在这里打造一个心目中的理想花园，有宽广的草皮，观景台', '床铺干净卫生，宾馆风格独树一帜～洗澡洗漱都很方便～服务态度较好', '11', '毛巾,洗发水,电视,空调', '7', '台湾，屏东县，恒春镇', null, 'comment.png', 'uncollection.png,hascollectioned.png', null, null);
INSERT INTO `product` VALUES ('67', '屏东--黑皮精致民宿  偶然相芋二人雅房', 'kd7.jpg', '350.00', 'kd_touxiang7.jpg', 'hei', '单间', '1室1厅', '1张床', '22m²', '黑皮精致民宿位于热闹的车城福安宫附近，是一栋全新落成的建筑，房间非常新颖干净，每间房间都有阳台，通风良好，其中还设计了一间特别订制的塌塌米和室房，非常有日式风情，民宿女主人十分热情，总是笑脸迎人，有别于饭店，让人能够感受只属于民宿的那种单纯的人情味。', '主人非常的热情，也很好。而且哦。还能用洗衣机洗衣服。超赞。住的屋子还有个小凉台，生活很小资。', '1', '毛巾,WIFI,电视,空调', '7', '台湾，屏东县，恒春镇', null, 'comment.png', 'uncollection.png,hascollectioned.png', null, null);
INSERT INTO `product` VALUES ('68', '屏东--小琉球渔埕民宿 〈观海〉双人／四人套房', 'kd8.jpg', '656.00', 'kd_touxiang8.jpg', 'xiao', '单间', '1室1厅', '1张床', '46m²', '遵循台湾造屋方法保留最原始的面孔，因就近于小琉球当地鱼埕港，故以古名<鱼埕>命之。 居住在传统建筑所改造的新民宿，结合小琉球当地风俗文化特色， 衬托出最傲人的色彩，保留台湾原有造屋四方正高雅格局，更显文人雅致、清风道德气息。 只有亲自体验、亲自寻找才能道出无尽的情意。 我们相信，在鱼埕，能让久待喧嚣都市的朋友们彻底放松心灵， 不管是旅游或体验都能像鱼船满载盈归一样收获丰盛。 自然体验小琉球 本民宿位于小琉球东边左近龙虾洞右近旭日亭，以配合当地潮汐时间， 导览潮间带的生态特色，体验其丰富的生命力，希冀达到纯欣赏而不破坏之保育原则。 鱼埕民宿为维持旅客享有完善的生态之旅、体验自然品质，我们确切建立并呼吁保育观念。  民宿内备有饮水机及小冰箱。', '还好地理位置好', '12', '毛巾,WIFI,电视,空调', '7', '台湾，屏东县，恒春镇', null, 'comment.png', 'uncollection.png,hascollectioned.png', null, null);
INSERT INTO `product` VALUES ('69', '垦丁--浪淘沙时尚旅店 VIP 二人房', 'kd9.jpg', '831.00', 'kd_touxiang9.jpg', 'susu', '单间', '2室1厅', '2张床', '46m²', '浪淘沙时尚旅店位于垦丁街与大湾路之间，是一间全新完工的渡假旅店， 房间宽敞舒适，内部设计非常具有设计感，每间房间也都呈现不同的设计风格，其中VIP房更有超大卫浴设备以及泡澡浴缸！此外房内皆设有WIFI及宽带网络孔 、配置42吋电视，并提供专属停车场，非常方便。浪淘沙时尚旅店位于垦丁街与大湾路之间，是一间全新完工的渡假旅店， 房间宽敞舒适，内部设计非常具有设计感，每间房间也都呈现不同的设计风格，其中VIP房更有超大卫浴设备以及泡澡浴缸！此外房内皆设有WIFI及宽带网络孔 、配置42吋电视，并提供专属停车场，非常方便。', '位置是真好，前面是大湾沙滩，后面是垦丁大街，推荐。', '6', '毛巾,洗发水,电视,空调', '7', '台湾，屏东县，恒春镇', null, 'comment.png', 'uncollection.png,hascollectioned.png', null, null);
INSERT INTO `product` VALUES ('70', '垦丁 兴吉旅店 木屋区蜜月房(1加大床)', 'kd10.jpg', '480.00', 'kd_touxiang10.jpg', 'guan', '单间', '1室1厅', '1张床', '25m²', '垦丁牌楼站&amp;amp;amp;amp;quot;步行只要1~2分钟，所有的房间都是套房(卫浴在房内)，房间宽敞干净，除了标准配备外，还有开饮机。这里也有许多团体房可供选择，其中本馆10人房、木屋区12人房还设了两间卫浴，节省了一半的排队时间。 我们也提供租汽、机车、电瓶车服务，房客可享优惠。老板娘很热心。木屋区位于垦丁麦当劳、加油站旁，有专属停车场，环境清幽。我们所有的房间都是套房，都有独立卫浴，共有三间木屋区蜜月房，每间的风格都不一样。位于垦丁大街麦当劳、加油站旁，步行到垦丁大街夜市约5~7分钟，离公共汽车站及海边约3~5分钟，都很便利的！', '前台的小妹真的超级无敌热情可爱！！给我们提供了很多有用的信息！！\r\n忘了问了她什么名字了 戴眼镜的超级可爱！ \r\n最后还跟她自拍了！\r\n\r\n旅馆的位置蛮方便的 旁边就有711和麦当劳\r\n反正在垦丁 都得租个小机车才好玩呀！！\r\n房间也蛮大挺舒服的 \r\n\r\n整体感觉不错！', '9', '毛巾,WIFI,电视,空调', '7', '台湾，屏东县，恒春镇', null, 'comment.png', 'uncollection.png,hascollectioned.png', null, null);
INSERT INTO `product` VALUES ('71', '新加坡酒店式公寓豪华别墅商务客房B近', 'xjp1.jpg', '500.00', 'xjp_touxiang1.jpg', 'liang', '单间', '5室2厅', '5张床', '25m²', '这是在别墅里的一间商务客房，超大的客厅，饭厅还有美丽的花园。', '在圣淘沙也可以选择乘坐缆车俯瞰全貌。 圣淘沙到四面环海，拥有新加坡三个最美丽且各具风格的海滩—西乐索海滩、巴拉湾海滩与丹戎海滩。个人觉得沙子非常不错 海水质量一般 不下水就沙滩上走走就很舒服了。 在这里可以玩沙滩排球，周边有咖啡座、沙滩酒吧与精品商店，同时还有很多户外活动，如独木舟、滑水板、骑车与滑轮等，一般当地家庭会选择周末的时候来这里。', '3', '毛巾,洗发水,电视,空调', '8', '新加坡,东区,勿洛', null, 'comment.png', 'uncollection.png,hascollectioned.png', null, null);
INSERT INTO `product` VALUES ('72', '新加坡大海景和公园景观房', 'xjp2.jpg', '303.00', 'xjp_touxiang2.jpg', 'rui', '单间', '1室1厅', '2张床', '22m²', '高档物业,游泳和健身房,网球场,足球篮球场一应俱全。', '漂亮的房子，好人，步行距离内有一个巴士站。 商场和美食广场7分钟。 店主也很漂亮。 NUS和Mapletree的好地方。', '4', '毛巾,WIFI,电视,空调', '8', '新加坡,东区,勿洛', null, 'comment.png', 'uncollection.png,hascollectioned.png', '1', null);
INSERT INTO `product` VALUES ('73', '美丽干净的房间', 'xjp3.jpg', '206.00', 'xjp_touxiang3.jpg', 'anna', '单间', '1室1厅', '1张床', '25m²', '嗨,我有一个私人公寓，这是一个设施齐全的房间供你的短期/长期住宿 。巴士5分鐘能到地铁站。我们提供空调,Wifi和另一位女性房客共用的浴室。再一个有游泳池,健身房,图书馆和网球场的公寓里。', 'Anna 人很好。环境也非常棒。很安静', '2', '毛巾,洗发水,电视,空调', '8', '新加坡,东区,勿洛', null, 'comment.png', 'uncollection.png,hascollectioned.png', null, null);
INSERT INTO `product` VALUES ('74', '新加坡 美丽的西海岸公园海景房', 'xjp4.jpg', '320.00', 'xjp_touxiang4.jpg', 'rui', '单间', '1室1厅', '1张床', '22m²', '面对美丽的西海岸公园和海洋', 'Amanda很友善，我感觉像在家里一样', '6', '毛巾,WIFI,电视,空调', '8', '新加坡,东区,勿洛', null, 'comment.png', 'uncollection.png,hascollectioned.png', null, null);
INSERT INTO `product` VALUES ('75', 'Lakeside地铁旁湖景房带泳池健身房', 'xjp5.jpg', '361.00', 'xjp_touxiang5.jpg', 'mike', '整套', '2室1厅', '2张床', '46m²', '面对裕廊湖，靠近地铁站，未来的新马高铁终点站，未来新加坡第二城市商务中心', '还好地理位置好', '9', '毛巾,洗发水,电视,空调', '8', '新加坡,东区,勿洛', null, 'comment.png', 'uncollection.png,hascollectioned.png', null, null);
INSERT INTO `product` VALUES ('76', '新加坡文庆普通房', 'xjp6.jpg', '297.00', 'xjp_touxiang6.jpg', 'wen', '单间', '1室1厅', '1张床', '25m²', '文庆普通房，生活便利，楼下巴士站直达SMU ,Kaplan, nafa, lasaller, PSB,多美歌，乌节路，楼下泳池，健身房，家具齐全，提供高速网络，每周阿姨打扫，欢迎预定', '还好地理位置好', '6', '毛巾,WIFI,电视,空调', '8', '新加坡,东区,勿洛', null, 'comment.png', 'uncollection.png,hascollectioned.png', null, null);
INSERT INTO `product` VALUES ('77', '新加坡花拉公园附近普通房', 'xjp7.jpg', '297.00', 'xjp_touxiang7.jpg', 'wen', '单间', '1室1厅', '1张床', '22m²', '花拉公园mrt附近普通房，巴士直达SMU，Kaplan，nafa，lasaller，tmc，erc，两站到克拉码头，多美歌，牛车水，走路5分钟MRT，附近游泳池健身房，食格，欢迎入住', '漂亮的房子，好人，步行距离内有一个巴士站。 商场和美食广场7分钟。 店主也很漂亮。 NUS和Mapletree的好地方。', '7', '毛巾,洗发水,电视,空调', '8', '新加坡,东区,勿洛', null, 'comment.png', 'uncollection.png,hascollectioned.png', null, null);
INSERT INTO `product` VALUES ('78', '干净安静的私人房间', 'xjp8.jpg', '239.00', 'xjp_touxiang8.jpg', 'liu', '单间', '1室1厅', '1张床', '46m²', '这是一个用来单住的私人房间。内置大衣柜,学习桌。安装了空调和吊扇。地板是实木的，透过窗户有很好的景致，可以看到花园和游泳池。床垫是新的。房间很干净,安静。房间边上是卫生间和浴室。厨房里的微波炉,烤箱和冰箱可以免费使用呦。楼下刚好有健身房和游泳池。自然公园也在附近,只需要步行5分钟,你也可以在那里租自行车。', '房间就像图像中显示的那样， 非常干净，舒适。 这个公寓有一个非常漂亮的游泳池，它非常靠近公园， 做运动很方便。 到达Baungkok地铁，您可以步行10-15分钟或乘坐出租车（4 SGD）。', '5', '毛巾,WIFI,电视,空调', '8', '新加坡,东区,勿洛', null, 'comment.png', 'uncollection.png,hascollectioned.png', null, null);
INSERT INTO `product` VALUES ('79', '带泳池健身房 全新豪华公寓 3个房间', 'xjp9.jpg', '1274.00', 'xjp_touxiang9.jpg', 'willa', '整套', '3室1厅', '4张床', '88m²', '这是一个2015年建造完成的豪华公寓,公寓内设施豪华,齐全。公寓坐落在新加坡武吉知马自然保护区,安静,舒适,惬意,带您远离城市的喧嚣,享受一次完全放松的旅行。', '还好地理位置好', '7', '毛巾,洗发水,电视,空调', '8', '新加坡,东区,勿洛', null, 'comment.png', 'uncollection.png,hascollectioned.png', null, null);
INSERT INTO `product` VALUES ('80', '新加坡诺韦纳景观优美四号房', 'xjp10.jpg', '666.00', 'xjp_touxiang10.jpg', 'sam', '单间', '1室1厅', '1张床', '22m²', '该公寓是在2013年建的，所有的设施都很新。如果您想为您的旅行或度假选择家常的房间，这个房间将是你的最佳选择。', '很开心可以住在这里，房间很大很干净。距离公交车站很近。感谢房主让我妹妹也住在这个房间，很棒的服务。', '2', '毛巾,WIFI,电视,空调', '8', '新加坡,东区,勿洛', null, 'comment.png', 'uncollection.png,hascollectioned.png', null, null);
INSERT INTO `product` VALUES ('81', '【晚安曼谷】曼谷市区辉煌区高空观景房', 'mg_1.jpg', '139.00', 'mg_touxiang1.jpg', 'CLAUDIA', '合住', '1室1厅', '2张床', '38㎡', '房子位于市区内的辉煌地区，31楼高空观景房，家里设备齐全有厨房可以小煮，也有微波炉可以直接加热食物', '房间温馨、超值', '1', 'wifi,空调,电视,洗衣机', '9', '泰国，曼谷', null, 'comment.png', 'uncollection.png,hascollectioned.png', null, '1');
INSERT INTO `product` VALUES ('82', '曼谷Sliom泳池健身房高端公寓', 'mg_2.jpg', '159.00', 'mg_touxiang2.jpg', '曼谷金小西', '整套', '2室1厅', '4张床', '46㎡', '我的房子位于曼谷最中心地带是隆Silom,紧邻曼谷新地标MahaNakhon大楼。', '房间非常漂亮、空间很大', '1', 'wifi,空调,电视,洗衣机', '9', '泰国，曼谷', null, 'comment.png', 'uncollection.png,hascollectioned.png', null, null);
INSERT INTO `product` VALUES ('83', '风格特别 交通便利的公寓', 'mg_3.jpg', '236.00', 'mg_touxiang3.jpg', 'K', '单间', '1室', '2张床', '30㎡', '公寓设计新颖独特，简约高档，还有厨房可以使用。公寓内有泳池和健身房，附近有许多美食。在这里你可以体验到曼谷的民宿风情。', '房间很干净很舒适,离地铁口很近很方便!', '1', 'wifi,空调,电视,洗衣机', '9', '泰国，曼谷', null, 'comment.png', 'uncollection.png,hascollectioned.png', null, null);
INSERT INTO `product` VALUES ('84', '曼谷浪漫地中海双人房', 'mg_4.jpg', '216.00', 'mg_touxiang4.jpg', '尼古窝', '整套', '1室1厅', '3张床', '23㎡', 'NEGO HOME位于曼谷市区一个小别墅内，是个别墅型的民宿。“温馨”是我们最想给每位旅客的体验。', '位置很方便 房间也漂亮', '1', 'wifi,空调,电视,洗衣机', '9', '泰国，曼谷', null, 'comment.png', 'uncollection.png,hascollectioned.png', null, null);
INSERT INTO `product` VALUES ('85', '公寓房间  带泳池  阳台景色美丽', 'mg_5.jpg', '198.00', 'mg_touxiang3.jpg', 'K', '整套', '1室1厅', '2张床', '30㎡', '这是短期和长期住宿豪华公寓。所有必要的设施都包括在房间里。该公寓紧邻BTS Saladeang和BTS冲nonsri。更重要的是,你可以通过脚下,距离BTS捷运和曼谷做观光', '房间挺好的，房东也很好人', '2', 'wifi,空调,电视,洗衣机', '9', '泰国，曼谷', null, 'comment.png', 'uncollection.png,hascollectioned.png', null, null);
INSERT INTO `product` VALUES ('86', 'NEGO 豪华地中海双人房', 'mg_6.jpg', '298.00', 'mg_touxiang4.jpg', '尼古窝', '单间', '1室', '4张床', '40㎡', '民宿位于市区 打的去购物中心MBK,Terminal 21,CentralWorld四面佛，siam购物中心等大型商场', '很好的一次体验,虽然没见到房主倒是能感觉到他的体贴用心,后悔没有早点看到这个住处。房客们都很棒,因为自己的原因,很晚才到,邻居还帮忙开门,真是感动。第二天还和一个美国的房客同游了故宫,真是有趣的一天。', '2', 'wifi,空调,电视,洗衣机', '9', '泰国，曼谷', null, 'comment.png', 'uncollection.png,hascollectioned.png', null, null);
INSERT INTO `product` VALUES ('87', '泰国曼谷度假精品公寓民宿（单身公寓）', 'mg_7.jpg', '268.00', 'mg_touxiang7.jpg', '同小桐', '合住', '1室', '2张床', '25㎡', '小区位于泰国曼谷府素坤逸（sukhumvit）64巷 机场打车过来也非常方便 小区门口就是BTS（轻轨）来往曼谷最着名的景点', '房子干净整洁便利安全,很好的房东。', '3', 'wifi,空调,电视,洗衣机', '9', '泰国，曼谷', null, 'comment.png', 'uncollection.png,hascollectioned.png', null, null);
INSERT INTO `product` VALUES ('88', '靠近轻轨 免费泳池 健身房 高速网络 直接入住', 'mg_8.jpg', '263.00', 'mg_touxiang8.jpg', 'Leon', '合住', '1室', '2张床', '20㎡', '曼谷吉菲尔服务公寓位于繁华的素坤逸路,距离BTS Punnawithi站700余米,免费接送巴士定点服务', '位置非常好,并且主人小姐姐对入住的指导及时而准确。', '3', 'wifi,空调,电视,洗衣机', '9', '泰国，曼谷', null, 'comment.png', 'uncollection.png,hascollectioned.png', null, null);
INSERT INTO `product` VALUES ('89', '曼谷BTS旁，TheRich温馨景观大床', 'mg_9.jpg', '345.00', 'mg_touxiang2.jpg', '曼谷金小西', '合住', '1室', '1张床', '18㎡', '.Rich Sathorn - Taksin位置便利，距离Wong Wian Yai （S8）BTS站200米，步行约2分钟。', '靠近东直门地铁,坐机场快轨很方便。房间很干净,设施齐全,很棒棒!', '3', 'wifi,空调,电视,洗衣机', '9', '泰国，曼谷', null, 'comment.png', 'uncollection.png,hascollectioned.png', null, null);
INSERT INTO `product` VALUES ('90', '曼谷公寓离地铁1分钟，位置在市中心', 'mg_10.jpg', '267.00', 'mg_touxiang10.jpg', '雅', '单间', '1室', '4张床', '30㎡', '全新交屋於2016年4月份\r\n建兴酒家，象神庙，按摩一条街，匯狂夜市都在旁边\r\n百货公司，恰图恰捷运直接搭不必换车', 'Alex is a very kind man, and his apartment is quite cozy! I would like to book again.', '4', 'wifi,空调,电视,洗衣机', '9', '泰国，曼谷', null, 'comment.png', 'uncollection.png,hascollectioned.png', null, null);
INSERT INTO `product` VALUES ('91', '大宫站附近简约公寓', 'jd_1.jpg', '139.00', 'jd_touxiang1.jpg', 'abel', '合住', '3室1厅', '4张床', '58㎡', '传统和无印良品简约风格融合，既有和式榻榻米睡房，又有简约风格卧室。独立卫浴，有厨房。全新装修。', '挺方便。干净舒适。没什么问题。', '1', 'wifi,空调,电视,洗衣机', '10', '日本，京都', null, 'comment.png', 'uncollection.png,hascollectioned.png', '1', null);
INSERT INTO `product` VALUES ('92', '京都车站景点3C自行车Wi-Fi免费接', 'jd_2.jpg', '159.00', 'jd_touxiang2.jpg', '上善若水', '单间', '1室1厅', '2张床', '34㎡', '4 层独楼 1 楼咖啡店☕️三楼仨房间。四楼俩个房间', '很整洁,风格很喜欢,榻榻米也很舒服,而且隔音很好,很有自己家的感觉', '1', 'wifi,空调,电视,洗衣机', '10', '日本，京都', null, 'comment.png', 'uncollection.png,hascollectioned.png', null, null);
INSERT INTO `product` VALUES ('93', '京都车站景点4A房➕自行车免费接送', 'jd_3.jpg', '236.00', 'jd_touxiang2.jpg', '上善若水', '整套', '2室1厅', '4张床', '40㎡', '交通便利商场24 小时店随处可见 东寺步行2 分钟就到 傍晚可以散步去东寺', 'Ning is great guests, very nice people, they left everything clean and tidy. I recommend them highly.', '1', 'wifi,空调,电视,洗衣机', '10', '日本，京都', null, 'comment.png', 'uncollection.png,hascollectioned.png', null, null);
INSERT INTO `product` VALUES ('94', '京都站附近日式房+2自行车+随身wifi', 'jd_4.jpg', '216.00', 'jd_touxiang4.jpg', '杰克船长', '单间', '1室', '2张床', '26㎡', '该公寓位于距离京都站10-15分钟距离，所以可以很方便的观光景点和购物的， 提供2辆自行车免费使用，为您提供免费的随身WIFI', 'thanks for renting, Alexis and his friend they are very nice and clean.', '1', 'wifi,空调,电视,洗衣机', '10', '日本，京都', null, 'comment.png', 'uncollection.png,hascollectioned.png', null, null);
INSERT INTO `product` VALUES ('95', '京都站附近+2自行车+随身WIfi', 'jd_5.jpg', '198.00', 'jd_touxiang4.jpg', '杰克船长', '单间', '1室', '4张床', '38㎡', '鸭川是京都一个非常着名的河流。这个区域是非常方便的，京都站就在附近,你永远不必担心餐馆，你可以看到日本,中国,意大利,法国餐厅 。', '一个帅小伙儿,很友好。沟通顺畅,房间也保持的很干净。希望下次还来我们家做客。', '2', 'wifi,空调,电视,洗衣机', '10', '日本，京都', null, 'comment.png', 'uncollection.png,hascollectioned.png', null, null);
INSERT INTO `product` VALUES ('96', '八坂神社南公寓', 'jd_6.jpg', '298.00', 'jd_touxiang6.jpg', '阿慧', '整套', '4室1厅', '4张床', '60㎡', '此公寓位于一栋居民楼内,是一套独立的公寓,对于旅途在外的你它是一个小小温馨的家。', 'nice guest, kept our place very clean and tidy! Highly recommended!', '2', 'wifi,空调,电视,洗衣机', '10', '日本，京都', null, 'comment.png', 'uncollection.png,hascollectioned.png', null, null);
INSERT INTO `product` VALUES ('97', '光久莉民宿一户建（2楼B间+2台免费自行', 'jd_7.jpg', '268.00', 'jd_touxiang7.jpg', '京都民宿', '整套', '2室1厅', '4张床', '45㎡', '本民宿离京都景区不远，交通方便，同时空闲时段，骑着自行车在民宿周边逛逛，有超市，有百元店，有中餐馆……，使你深入日本行，让你体会旅行的感觉，而不是旅游的冲忙', '靠近东直门地铁,坐机场快轨很方便。房间很干净,设施齐全,很棒棒!', '3', 'wifi,空调,电视,洗衣机', '10', '日本，京都', null, 'comment.png', 'uncollection.png,hascollectioned.png', null, null);
INSERT INTO `product` VALUES ('98', '流苏一层庭院房', 'jd_8.jpg', '263.00', 'jd_touxiang8.jpg', '流苏', '单间', '1室', '2张床', '26㎡', '百年京町屋，纯正日式住宅', '虽然没见着房东,但房间真的很棒,干净舒适安静。从房间的摆设看得出房东是个很精致的人', '3', 'wifi,空调,电视,洗衣机', '10', '日本，京都', null, 'comment.png', 'uncollection.png,hascollectioned.png', null, null);
INSERT INTO `product` VALUES ('99', '伏见稻荷民居111 京阪5min JR巴士', 'jd_9.jpg', '345.00', 'jd_touxiang9.jpg', 'ba bao 1969', '合住', '2室1厅', '4张床', '50㎡', '房源在着名的---伏见稻荷大社附近，附近的交通：JR、京阪电车、巴士、地下铁', '非常棒的小区,距离地铁站很近', '3', 'wifi,空调,电视,洗衣机', '10', '日本，京都', null, 'comment.png', 'uncollection.png,hascollectioned.png', null, null);
INSERT INTO `product` VALUES ('100', '流苏二层露台房', 'jd_10.jpg', '267.00', 'jd_touxiang9.jpg', '流苏', '合住', '3室1厅', '4张床', '46㎡', '百年京町屋，纯正日式住宅，京都站步行16分钟，十条站步行3分钟。周边有伊势丹，EAON，Yodobashi等购物场所，交通十分方便。欢迎大家来入住哦 ~', '完美的假期体验', '4', 'wifi,空调,电视,洗衣机', '10', '日本，京都', null, 'comment.png', 'uncollection.png,hascollectioned.png', null, null);
INSERT INTO `product` VALUES ('101', '日本桥、难波、道顿堀 徒步5分', 'db_1.jpg', '139.00', 'db_touxiang1.jpg', '小月', '合住', '1室1厅', '2张床', '38㎡', '公寓位于日本大阪，是一间现代简约的1卧公寓，适合一家人和情侣居', '房间温馨、超值', '1', 'wifi,空调,电视,洗衣机', '11', '日本，大阪', null, 'comment.png', 'uncollection.png,hascollectioned.png', null, '');
INSERT INTO `product` VALUES ('102', '大阪市中心谷町九丁目妹妹民宿', 'db_2.jpg', '159.00', 'db_touxiang2.jpg', '陶陶', '整套', '2室1厅', '4张床', '46㎡', '公寓优雅而干净、闹中取静！房间小而温馨！适合情侣入住！免费使用WIFI、厨房使用IH、配备简单厨具！', '房间非常漂亮、空间很大', '1', 'wifi,空调,电视,洗衣机', '11', '日本，大阪', null, 'comment.png', 'uncollection.png,hascollectioned.png', null, null);
INSERT INTO `product` VALUES ('103', '35心斋桥7分钟!在美国村中心!!', 'db_3.jpg', '236.00', 'db_touxiang3.jpg', 'Maggie', '单间', '1室', '2张床', '30㎡', '在心斋桥商店街与大丸百货店的附近,人气地区美国村(america village)!', '房间很干净很舒适,离地铁口很近很方便!', '1', 'wifi,空调,电视,洗衣机', '11', '日本，大阪', null, 'comment.png', 'uncollection.png,hascollectioned.png', null, null);
INSERT INTO `product` VALUES ('104', '302中床房,心斋桥梅田坐车直达', 'db_4.jpg', '216.00', 'db_touxiang4.jpg', '歌丽特', '整套', '1室1厅', '3张床', '23㎡', '地铁站步行5分钟即可到达，直接到达心斋桥和梅田商业区，无需换车，快速便利', '位置很方便 房间也漂亮', '1', 'wifi,空调,电视,洗衣机', '11', '日本，大阪', null, 'comment.png', 'uncollection.png,hascollectioned.png', null, null);
INSERT INTO `product` VALUES ('105', '日本桥徒步3分钟，难波徒步5分钟', 'db_5.jpg', '198.00', 'db_touxiang1.jpg', '小月', '整套', '1室1厅', '2张床', '30㎡', '公寓位于日本大阪，是一间现代简约的单间公寓，适合闺蜜和情侣居住', '房间挺好的，房东也很好人', '2', 'wifi,空调,电视,洗衣机', '11', '日本，大阪', null, 'comment.png', 'uncollection.png,hascollectioned.png', null, null);
INSERT INTO `product` VALUES ('106', '302榻榻米,机场直达，1-2人', 'db_6.jpg', '298.00', 'db_touxiang6.jpg', 'Richwong3', '单间', '1室', '4张床', '40㎡', '我们的民宿位在大阪的中心，很方便走到难波，道顿堀，梅田，环球影城等。\r\n房间安静，干净，安全，宽大可以住2-4个人', '很好的一次体验,虽然没见到房主倒是能感觉到他的体贴用心,后悔没有早点看到这个住处。房客们都很棒,因为自己的原因,很晚才到,邻居还帮忙开门,真是感动。第二天还和一个美国的房客同游了故宫,真是有趣的一天。', '2', 'wifi,空调,电视,洗衣机', '11', '日本，大阪', null, 'comment.png', 'uncollection.png,hascollectioned.png', null, null);
INSERT INTO `product` VALUES ('107', '4大阪市内★1分日本桥★黒门市场★道顿堀', 'db_7.jpg', '268.00', 'db_touxiang4.jpg', '歌丽特', '合住', '1室', '2张床', '25㎡', '三层的日式小楼，共有6个客房供您选择。您也可以和亲朋好友一起出行，最多可以入住16人', '房子干净整洁便利安全,很好的房东。', '3', 'wifi,空调,电视,洗衣机', '11', '日本，大阪', null, 'comment.png', 'uncollection.png,hascollectioned.png', null, null);
INSERT INTO `product` VALUES ('108', '大阪市内关西空港直达JR新今宫1分', 'db_8.jpg', '263.00', 'db_touxiang8.jpg', 'smilekaede', '合住', '1室', '2张床', '20㎡', '地处大阪市内，客房干净整洁、明亮！离地铁千日前线 小路站歩行只需4分钟！到难波繁华中心地段乘地铁只需12分钟', '位置非常好,并且主人小姐姐对入住的指导及时而准确。', '3', 'wifi,空调,电视,洗衣机', '11', '日本，大阪', null, 'comment.png', 'uncollection.png,hascollectioned.png', null, null);
INSERT INTO `product` VALUES ('109', 'Design Room 公园附近!本町附近', 'db_9.jpg', '345.00', 'db_touxiang9.jpg', 'april', '合住', '1室', '1张床', '18㎡', '位于黑门市场内，和风卧室，楼下既有超市，便利店，海鲜大排档，步行日本桥车站1分，道顿掘小吃街3分，心斋桥购物街8分，交通便利、位置优越', '靠近东直门地铁,坐机场快轨很方便。房间很干净,设施齐全,很棒棒!', '3', 'wifi,空调,电视,洗衣机', '11', '日本，大阪', null, 'comment.png', 'uncollection.png,hascollectioned.png', null, null);
INSERT INTO `product` VALUES ('110', '5大阪市内★1分日本桥★黒门市场★道顿堀', 'db_10.jpg', '267.00', 'db_touxiang10.jpg', '小八', '单间', '1室', '4张床', '30㎡', '关西空港坐地下铁直达,无需换乘，JR新今宫站走路1分钟。坐车到难波只需3分钟,走路10分钟内到日本桥。', 'Alex is a very kind man, and his apartment is quite cozy! I would like to book again.', '4', 'wifi,空调,电视,洗衣机', '11', '日本，大阪', null, 'comment.png', 'uncollection.png,hascollectioned.png', null, null);
INSERT INTO `product` VALUES ('111', '超讚房东_西门町步行5分鐘_西门捷运站_全新独立卫浴_欢迎各国访客来游玩', 'tb_1.jpg', '139.00', 'tb_touxiang1.jpg', '幸福之家', '合住', '3室1厅', '4张床', '58㎡', '屋内虽不大但设备功能俱全。厨房、浴厕方便舒适，大平幕电视。楼中楼卧室，隐密独立睡好眠。', '挺方便。干净舒适。没什么问题。', '1', 'wifi,空调,电视,洗衣机', '12', '台湾,台北', null, 'comment.png', 'uncollection.png,hascollectioned.png', null, null);
INSERT INTO `product` VALUES ('112', '古亭捷运站5分鐘 装潢单人小雅房 乾净', 'tb_2.jpg', '159.00', 'tb_touxiang2.jpg', '飄', '单间', '1室1厅', '2张床', '34㎡', '我们的单房公寓乾净又舒适 地点位於古亭捷运站旁 步行5分鐘 房间皆备有独立电视Wi-Fi 明亮窗台 拥有低价位高品质的私人空间', '很整洁,风格很喜欢,榻榻米也很舒服,而且隔音很好,很有自己家的感觉', '1', 'wifi,空调,电视,洗衣机', '12', '台湾,台北', null, 'comment.png', 'uncollection.png,hascollectioned.png', '1', null);
INSERT INTO `product` VALUES ('113', '设计风格 西门町的艾比路', 'tb_3.jpg', '236.00', 'tb_touxiang3.jpg', 'Renny', '整套', '2室1厅', '4张床', '40㎡', '离捷运西门站4号出口 只有3分鐘的步行距离.和西门町也只有一条马路的距离喔.', 'Ning is great guests, very nice people, they left everything clean and tidy. I recommend them highly.', '1', 'wifi,空调,电视,洗衣机', '12', '台湾,台北', null, 'comment.png', 'uncollection.png,hascollectioned.png', null, null);
INSERT INTO `product` VALUES ('114', '台北--剑潭小宿 摩登套房', 'tb_4.jpg', '216.00', 'tb_touxiang4.jpg', 'shihlinhostel', '单间', '1室', '2张床', '26㎡', '我们专门提供旅行者、观光客或有商务需求的消费者一个平价又舒适的住宿空间，距离国际知名士林夜市仅需步行1分钟即可抵达', 'thanks for renting, Alexis and his friend they are very nice and clean.', '1', 'wifi,空调,电视,洗衣机', '12', '台湾,台北', null, 'comment.png', 'uncollection.png,hascollectioned.png', null, null);
INSERT INTO `product` VALUES ('115', '西门町 的 小清新', 'tb_5.jpg', '198.00', 'tb_touxiang3.jpg', 'Renny', '单间', '1室', '4张床', '38㎡', '我们的房间位在西门町闹区裡面,生活机能便利,商店林立,离西门捷运站不到3分鐘的距离,可以轻鬆到达你想要去的任何地方', '一个帅小伙儿,很友好。沟通顺畅,房间也保持的很干净。希望下次还来我们家做客。', '2', 'wifi,空调,电视,洗衣机', '12', '台湾,台北', null, 'comment.png', 'uncollection.png,hascollectioned.png', null, '');
INSERT INTO `product` VALUES ('116', '古亭MRT2分鐘.近夜市.师大.台大学区', 'tb_6.jpg', '298.00', 'tb_touxiang2.jpg', '飄', '整套', '4室1厅', '4张床', '60㎡', '古亭捷运站旁.走路2分鐘.温馨小窝.近师大夜市.台大.师大学区.临近西门町.闹中取静.\r\n', 'nice guest, kept our place very clean and tidy! Highly recommended!', '2', 'wifi,空调,电视,洗衣机', '12', '台湾,台北', null, 'comment.png', 'uncollection.png,hascollectioned.png', null, null);
INSERT INTO `product` VALUES ('117', 'JD平价2人套房不挑房', 'tb_7.jpg', '268.00', 'tb_touxiang7.jpg', '台北車站捷運套房', '整套', '2室1厅', '4张床', '45㎡', '我们的民宿位於台北市中心的旧城区此区房子的外观都是台式的古老建筑，然而我们的房间绝对是乾净舒适的', '靠近东直门地铁,坐机场快轨很方便。房间很干净,设施齐全,很棒棒!', '3', 'wifi,空调,电视,洗衣机', '12', '台湾,台北', null, 'comment.png', 'uncollection.png,hascollectioned.png', null, null);
INSERT INTO `product` VALUES ('118', '位置好到哭！101地铁四通八达', 'tb_8.jpg', '263.00', 'tb_touxiang8.jpg', '兄台我错了', '单间', '1室', '2张床', '26㎡', '吃货天堂，台北最热和最隐秘的美食都聚集于此', '虽然没见着房东,但房间真的很棒,干净舒适安静。从房间的摆设看得出房东是个很精致的人', '3', 'wifi,空调,电视,洗衣机', '12', '台湾,台北', null, 'comment.png', 'uncollection.png,hascollectioned.png', null, null);
INSERT INTO `product` VALUES ('119', '巿府精緻会馆-1分鐘到台北巿府站', 'tb_9.jpg', '345.00', 'tb_touxiang9.jpg', 'AliceHome', '合住', '2室1厅', '4张床', '50㎡', '位於最繁华的巿中心, 离巿政府捷运站口只要1分鐘', '非常棒的小区,距离地铁站很近', '3', 'wifi,空调,电视,洗衣机', '12', '台湾,台北', null, 'comment.png', 'uncollection.png,hascollectioned.png', null, null);
INSERT INTO `product` VALUES ('120', '台北西门站6号出口！走路5分鐘', 'tb_10.jpg', '236.00', 'tb_touxiang10.jpg', 'Kuro', '合住', '3室1厅', '1张床', '46㎡', '位在西门捷运站六号出口5分鐘路程的巷弄之中', '一早退房，房东很贴心，早早就起床办理手续', '4', 'wifi,空调,电视,洗衣机', '12', '台湾,台北', null, 'comment.png', 'uncollection.png,hascollectioned.png', null, null);
INSERT INTO `product` VALUES ('121', '鼓楼大街地铁站500米/沙发床/复古混搭', 'bj1.jpg', '216.00', 'tx_bj1.jpg', '34ssdwd', '整套', '1室1厅', '4张床', '38㎡', '时尚温馨豪华装修，五星级的小区，私密的封闭式小区管理，安全舒适。配备舒适的大床与床垫，相信你一定会舒舒服服的睡个好觉，洗去旅途中的疲劳。除此之外还有机场到公寓的免费接送服务，卧室客厅还有空调，挂墙液晶电视，免费百兆高速光纤wifi，以及豪华整洁的独立卫生间哦，当然啊不少得24小时热水供应。', '房间温馨、超值', '1', '沐浴露,洗发水,拖鞋,吹风机,淋浴,空调,冰箱,洗衣机,WiFi,暖气,门卫,24小时热水,饮水设备', '13', '中国 ，北京市 ，北京市 ，朝阳', null, 'comment.png', 'uncollection.png,hascollectioned.png', null, '1');
INSERT INTO `product` VALUES ('122', 'ABBA【奇幻暖屋】悠乐汇北欧风温馨开间', 'bj2.jpg', '198.00', 'tx_bj2.jpg', 'fddf34', '合住', '2室1厅', '4张床', '46㎡', '楼宇的建成年代是2007年，高层，这栋有3台电梯。小区绿化很好，以本地居民为主，有门禁有保安，很安全。 外部周围情况： 周围的饭馆很多，各地美食都有。周围的银行有中国工商银行，中国银行，中国建设银行', '房间非常漂亮、空间很大', '1', '沐浴露,洗发水,拖鞋,吹风机,淋浴,空调,冰箱,洗衣机,WiFi,暖气,门卫,24小时热水,饮水设备', '13', '中国 ，北京市 ，北京市 ，东城', null, 'comment.png', 'uncollection.png,hascollectioned.png', null, null);
INSERT INTO `product` VALUES ('123', '崇文门新世界旁30平米大房子温馨舒适', 'bj3.jpg', '298.00', 'tx_bj3.jpg', '3s3e3', '整套', '1室', '2张床', '30㎡', '「关于房东」我是90后北京人儿，个性爽朗，喜欢结交好友，到我家来做客定不会使你感到不自在！做短租是因为有闲置的房源，希望它可以为来到陌生城市的你提供家一样的住处～快来与我结缘吧', '房间很干净很舒适,离地铁口很近很方便!', '1', '沐浴露,洗发水,拖鞋,吹风机,淋浴,空调,冰箱,洗衣机,WiFi,暖气,门卫,24小时热水,饮水设备', '13', '中国 ，北京市 ，北京市 ，朝阳', null, 'comment.png', 'uncollection.png,hascollectioned.png', null, null);
INSERT INTO `product` VALUES ('124', '特惠故宫什刹海边上的民宅小院儿', 'bj4.jpg', '268.00', 'tx_bj4.jpg', 'dfdf43', '单间', '1室1厅', '4张床', '23㎡', '小院本着低碳､环保､分享､自由的生活模式,坚持以个人情趣及喜好经营,并不适合所有人,个人观感和志趣各有不同,媒体或个人描述时不免会有赞美或贬损之词,请理智看待､独立思考,纯粹抱着好奇心态以及满怀完美期望者请谨慎选择,以免彼此失望｡', '位置很方便 房间也漂亮', '1', '沐浴露,洗发水,拖鞋,吹风机,淋浴,空调,冰箱,洗衣机,WiFi,暖气,门卫,24小时热水,饮水设备', '13', '中国 ，北京市 ，北京市 ，东城', null, 'comment.png', 'uncollection.png,hascollectioned.png', null, null);
INSERT INTO `product` VALUES ('125', '崇文门新世界旁30平米大房子温馨舒适', 'bj5.jpg', '263.00', 'tx_bj5.jpg', 's3se3', '整套', '1室1厅', '2张床', '30㎡', '房间装修风格是简约为主。我认为房间可以带给人的感受是舒适。无线网络良好，全屋覆盖。房间里的电器设施有空调，热水器，冰箱，电吹风，电烫斗，洗衣机，电视，饮水机。客厅很大，有沙发，电视，咖啡，小食，不但移步阳台能远眺小蛮腰，而且在这个房间睡在床上透过窗户也能远眺小蛮腰。', '66666', '2', '沐浴露,洗发水,拖鞋,吹风机,淋浴,空调,冰箱,洗衣机,WiFi,暖气,门卫,24小时热水,饮水设备', '13', '中国 ，北京市 ，北京市 ，东城', null, 'comment.png', 'uncollection.png,hascollectioned.png', null, null);
INSERT INTO `product` VALUES ('126', 'J0C【奇幻暖屋】波西米亚暖屋超大开间', 'bj6.jpg', '345.00', 'tx_bj6.jpg', 'df31', '整套', '1室', '4张床', '40㎡', '小院本着低碳､环保､分享､自由的生活模式,坚持以个人情趣及喜好经营,并不适合所有人,个人观感和志趣各有不同,媒体或个人描述时不免会有赞美或贬损之词,请理智看待､独立思考,纯粹抱着好奇心态以及满怀完美期望者请谨慎选择,以免彼此失望｡', '很好的一次体验,虽然没见到房主倒是能感觉到他的体贴用心,后悔没有早点看到这个住处。房客们都很棒,因为自己的原因,很晚才到,邻居还帮忙开门,真是感动。第二天还和一个美国的房客同游了故宫,真是有趣的一天。', '2', '沐浴露,洗发水,拖鞋,吹风机,淋浴,空调,冰箱,洗衣机,WiFi,暖气,门卫,24小时热水,饮水设备', '13', '中国 ，北京市 ，北京市 ，朝阳', null, 'comment.png', 'uncollection.png,hascollectioned.png', null, null);
INSERT INTO `product` VALUES ('127', '近西站儿童医院地铁七号线九号线温馨小屋', 'bj7.jpg', '267.00', 'tx_bj7.jpg', '34x223', '单间', '1室', '4张床', '25㎡', '小院本着低碳､环保､分享､自由的生活模式,坚持以个人情趣及喜好经营,并不适合所有人,个人观感和志趣各有不同,媒体或个人描述时不免会有赞美或贬损之词,请理智看待､独立思考,纯粹抱着好奇心态以及满怀完美期望者请谨慎选择,以免彼此失望｡', '房子干净整洁便利安全,很好的房东。', '3', '沐浴露,洗发水,拖鞋,吹风机,淋浴,空调,冰箱,洗衣机,WiFi,暖气,门卫,24小时热水,饮水设备', '13', '中国 ，北京市 ，北京市 ，朝阳', null, 'comment.png', 'uncollection.png,hascollectioned.png', null, null);
INSERT INTO `product` VALUES ('128', '禅茶丽舍(天安门国贸四惠传媒大学双桥)', 'bj8.jpg', '139.00', 'tx_bj8.jpg', 'yty566y', '合住', '1室', '4张床', '20㎡', '房间装修风格是简约为主。我认为房间可以带给人的感受是舒适。无线网络良好，全屋覆盖。房间里的电器设施有空调，热水器，冰箱，电吹风，电烫斗，洗衣机，电视，饮水机。客厅很大，有沙发，电视，咖啡，小食，不但移步阳台能远眺小蛮腰，而且在这个房间睡在床上透过窗户也能远眺小蛮腰。', '位置非常好,并且主人小姐姐对入住的指导及时而准确。', '3', '沐浴露,洗发水,拖鞋,吹风机,淋浴,空调,冰箱,洗衣机,WiFi,暖气,门卫,24小时热水,饮水设备', '13', '中国 ，北京市 ，北京市 ，东城', null, 'comment.png', 'uncollection.png,hascollectioned.png', null, null);
INSERT INTO `product` VALUES ('129', '土桥情调LOFT户型UP公寓', 'bj9.jpg', '159.00', 'tx_bj9.jpg', 'de22hj', '合住', '1室', '2张床', '18㎡', '楼宇的建成年代是2007年，高层，这栋有3台电梯。小区绿化很好，以本地居民为主，有门禁有保安，很安全。 外部周围情况： 周围的饭馆很多，各地美食都有。周围的银行有中国工商银行，中国银行，中国建设银行', '靠近东直门地铁,坐机场快轨很方便。房间很干净,设施齐全,很棒棒!', '3', '沐浴露,洗发水,拖鞋,吹风机,淋浴,空调,冰箱,洗衣机,WiFi,暖气,门卫,24小时热水,饮水设备', '13', '中国 ，上海市 ，上海市 ，浦东', null, 'comment.png', 'uncollection.png,hascollectioned.png', null, null);
INSERT INTO `product` VALUES ('130', '虹桥火车站/九号地铁旁全自动按摩椅单间B', 'bj10.jpg', '236.00', 'tx_shh1.jpg', 'dsds131221', '合住', '1室', '4张床', '30㎡', '小院本着低碳､环保､分享､自由的生活模式,坚持以个人情趣及喜好经营,并不适合所有人,个人观感和志趣各有不同,媒体或个人描述时不免会有赞美或贬损之词,请理智看待､独立思考,纯粹抱着好奇心态以及满怀完美期望者请谨慎选择,以免彼此失望｡', 'Alex is a very kind man, and his apartment is quite cozy! I would like to book again.', '4', '沐浴露,洗发水,拖鞋,吹风机,淋浴,空调,冰箱,洗衣机,WiFi,暖气,门卫,24小时热水,饮水设备', '13', '中国 ，上海市 ，上海市 ，徐汇区', null, 'comment.png', 'uncollection.png,hascollectioned.png', null, null);
INSERT INTO `product` VALUES ('131', '南京西路站，上海老洋房北欧风', 'shh1.jpg', '111.00', 'tx_shh2.jpg', 'didi1314', '整套', '3室1厅', '2张床', '38㎡', '协和医院”、“天坛医院”、“同仁堂总店”、“普仁医院”、“北京医院”，方便游客在外的医疗保健。太多的知名品牌餐饮汇聚在这里。陶然亭公园和龙潭公园也很近。购物更有新世界百货和新世界超市，国瑞城购物中心，搜秀商城，乐天玛特超市，家乐福超市，大型菜市场，天雅珠宝城和旅游批发市场红桥珍珠市场都很靠近。会所、电影城', '一早退房，房东很贴心，早早就起床办理手续', '3', '沐浴露,洗发水,拖鞋,吹风机,淋浴,空调,冰箱,洗衣机,WiFi,暖气,门卫,24小时热水,饮水设备', '14', '中国 ，北京市 ，北京市 ，东城', null, 'comment.png', 'uncollection.png,hascollectioned.png', null, null);
INSERT INTO `product` VALUES ('132', '迪士尼专车接送 浦东万达酒店公寓', 'shh2.jpg', '159.00', 'tx_shh3.jpg', 'ffeew', '合住', '1室1厅', '2张床', '46㎡', '房间装修风格是简约为主。我认为房间可以带给人的感受是舒适。无线网络良好，全屋覆盖。房间里的电器设施有空调，热水器，冰箱，电吹风，电烫斗，洗衣机，电视，饮水机。客厅很大，有沙发，电视，咖啡，小食，不但移步阳台能远眺小蛮腰，而且在这个房间睡在床上透过窗户也能远眺小蛮腰。', '房间温馨、超值', '1', '沐浴露,洗发水,拖鞋,吹风机,淋浴,空调,冰箱,洗衣机,WiFi,暖气,门卫,24小时热水,饮水设备', '14', '中国 ，上海市 ，上海市 ，徐汇区', null, 'comment.png', 'uncollection.png,hascollectioned.png', null, null);
INSERT INTO `product` VALUES ('133', '静安寺边温馨小卧室', 'shh3.jpg', '236.00', 'tx_shh4.jpg', 'fef23', '整套', '2室1厅', '4张床', '30㎡', '时尚温馨豪华装修，五星级的小区，私密的封闭式小区管理，安全舒适。配备舒适的大床与床垫，相信你一定会舒舒服服的睡个好觉，洗去旅途中的疲劳。除此之外还有机场到公寓的免费接送服务，卧室客厅还有空调，挂墙液晶电视，免费百兆高速光纤wifi，以及豪华整洁的独立卫生间哦，当然啊不少得24小时热水供应。', '房间非常漂亮、空间很大', '1', '沐浴露,洗发水,拖鞋,吹风机,淋浴,空调,冰箱,洗衣机,WiFi,暖气,门卫,24小时热水,饮水设备', '14', '中国 ，上海市 ，上海市 ，浦东', null, 'comment.png', 'uncollection.png,hascollectioned.png', null, null);
INSERT INTO `product` VALUES ('134', '浦东万达广场一居室，田园风，迪士尼免费接送', 'shh4.jpg', '216.00', 'tx_shh5.jpg', 'd44', '单间', '1室', '2张床', '23㎡', '楼宇的建成年代是2007年，高层，这栋有3台电梯。小区绿化很好，以本地居民为主，有门禁有保安，很安全。 外部周围情况： 周围的饭馆很多，各地美食都有。周围的银行有中国工商银行，中国银行，中国建设银行', '房间很干净很舒适,离地铁口很近很方便!', '2', '沐浴露,洗发水,拖鞋,吹风机,淋浴,空调,冰箱,洗衣机,WiFi,暖气,门卫,24小时热水,饮水设备', '14', '中国 ，上海市 ，上海市 ，浦东', null, 'comment.png', 'uncollection.png,hascollectioned.png', '1', null);
INSERT INTO `product` VALUES ('135', '【白默】徐汇法租界永康路LOFT', 'shh5.jpg', '198.00', 'tx_shh6.jpg', 'rgn4', '整套', '1室', '3张床', '30㎡', '「关于房东」我是90后北京人儿，个性爽朗，喜欢结交好友，到我家来做客定不会使你感到不自在！做短租是因为有闲置的房源，希望它可以为来到陌生城市的你提供家一样的住处～快来与我结缘吧', '位置很方便 房间也漂亮', '2', '沐浴露,洗发水,拖鞋,吹风机,淋浴,空调,冰箱,洗衣机,WiFi,暖气,门卫,24小时热水,饮水设备', '14', '中国 ，上海市 ，上海市 ，徐汇区', null, 'comment.png', 'uncollection.png,hascollectioned.png', null, null);
INSERT INTO `product` VALUES ('136', '上海交通便捷2分钟地铁近迪士尼外滩人广等', 'shh6.jpg', '298.00', 'tx_shh7.jpg', '4tf43', '整套', '4室1厅', '2张床', '40㎡', '小院本着低碳､环保､分享､自由的生活模式,坚持以个人情趣及喜好经营,并不适合所有人,个人观感和志趣各有不同,媒体或个人描述时不免会有赞美或贬损之词,请理智看待､独立思考,纯粹抱着好奇心态以及满怀完美期望者请谨慎选择,以免彼此失望｡', '4444', '2', '沐浴露,洗发水,拖鞋,吹风机,淋浴,空调,冰箱,洗衣机,WiFi,暖气,门卫,24小时热水,饮水设备', '14', '中国 ，上海市 ，上海市 ，浦东', null, 'comment.png', 'uncollection.png,hascollectioned.png', null, null);
INSERT INTO `product` VALUES ('137', '7/13号线 静安寺和南京东路附近的小窝', 'shh7.jpg', '268.00', 'tx_shh8.jpg', 'f4r4r3', '单间', '2室1厅', '4张床', '25㎡', '房间装修风格是简约为主。我认为房间可以带给人的感受是舒适。无线网络良好，全屋覆盖。房间里的电器设施有空调，热水器，冰箱，电吹风，电烫斗，洗衣机，电视，饮水机。客厅很大，有沙发，电视，咖啡，小食，不但移步阳台能远眺小蛮腰，而且在这个房间睡在床上透过窗户也能远眺小蛮腰。', '很好的一次体验,虽然没见到房主倒是能感觉到他的体贴用心,后悔没有早点看到这个住处。房客们都很棒,因为自己的原因,很晚才到,邻居还帮忙开门,真是感动。第二天还和一个美国的房客同游了故宫,真是有趣的一天。', '2', '沐浴露,洗发水,拖鞋,吹风机,淋浴,空调,冰箱,洗衣机,WiFi,暖气,门卫,24小时热水,饮水设备', '14', '中国 ，上海市 ，上海市 ，徐汇区', null, 'comment.png', 'uncollection.png,hascollectioned.png', null, null);
INSERT INTO `product` VALUES ('138', '上海田子坊花园loft，投影设备齐全', 'shh8.jpg', '263.00', 'tx_shh9.jpg', '4tf34g', '合住', '1室', '2张床', '20㎡', '小院本着低碳､环保､分享､自由的生活模式,坚持以个人情趣及喜好经营,并不适合所有人,个人观感和志趣各有不同,媒体或个人描述时不免会有赞美或贬损之词,请理智看待､独立思考,纯粹抱着好奇心态以及满怀完美期望者请谨慎选择,以免彼此失望｡', '房子干净整洁便利安全,很好的房东。', '2', '沐浴露,洗发水,拖鞋,吹风机,淋浴,空调,冰箱,洗衣机,WiFi,暖气,门卫,24小时热水,饮水设备', '14', '中国 ，上海市 ，上海市 ，浦东', null, 'comment.png', 'uncollection.png,hascollectioned.png', null, null);
INSERT INTO `product` VALUES ('139', '2/4/6/9世纪大道 宽敞主卧', 'shh9.jpg', '345.00', 'tx_shh10.jpg', '5y543', '合住', '2室1厅', '2张床', '18㎡', '小院本着低碳､环保､分享､自由的生活模式,坚持以个人情趣及喜好经营,并不适合所有人,个人观感和志趣各有不同,媒体或个人描述时不免会有赞美或贬损之词,请理智看待､独立思考,纯粹抱着好奇心态以及满怀完美期望者请谨慎选择,以免彼此失望｡', '位置非常好,并且主人小姐姐对入住的指导及时而准确。', '3', '沐浴露,洗发水,拖鞋,吹风机,淋浴,空调,冰箱,洗衣机,WiFi,暖气,门卫,24小时热水,饮水设备', '14', '中国 ，上海市 ，上海市 ，徐汇区', null, 'comment.png', 'uncollection.png,hascollectioned.png', null, null);
INSERT INTO `product` VALUES ('140', '广州上下九长寿路特价大床', 'shh10.jpg', '111.00', 'tx_gz1.jpg', 'grg45d', '合住', '3室1厅', '1张床', '30㎡', '房间装修风格是简约为主。我认为房间可以带给人的感受是舒适。无线网络良好，全屋覆盖。房间里的电器设施有空调，热水器，冰箱，电吹风，电烫斗，洗衣机，电视，饮水机。客厅很大，有沙发，电视，咖啡，小食，不但移步阳台能远眺小蛮腰，而且在这个房间睡在床上透过窗户也能远眺小蛮腰。', '靠近东直门地铁,坐机场快轨很方便。房间很干净,设施齐全,很棒棒!', '6', '沐浴露,洗发水,拖鞋,吹风机,淋浴,空调,冰箱,洗衣机,WiFi,暖气,门卫,24小时热水,饮水设备', '14', '中国 ，上海市 ，上海市 ，浦东', null, 'comment.png', 'uncollection.png,hascollectioned.png', null, null);
INSERT INTO `product` VALUES ('141', 'Black·White小蛮腰/琶洲/长隆', 'gz1.jpg', '159.00', 'tx_gz2.jpg', 'd4f43rg34', '单间', '1室1厅', '4张床', '58㎡', '楼宇的建成年代是2007年，高层，这栋有3台电梯。小区绿化很好，以本地居民为主，有门禁有保安，很安全。 外部周围情况： 周围的饭馆很多，各地美食都有。周围的银行有中国工商银行，中国银行，中国建设银行', 'Alex is a very kind man, and his apartment is quite cozy! I would like to book again.', '4', '沐浴露,洗发水,拖鞋,吹风机,淋浴,空调,冰箱,洗衣机,WiFi,暖气,门卫,24小时热水,饮水设备', '15', '中国 ，广州市 ，白云', null, 'comment.png', 'uncollection.png,hascollectioned.png', null, null);
INSERT INTO `product` VALUES ('142', 'Gallery 40 | 高层望江临近琶洲会展中心琶醍', 'gz2.jpg', '236.00', 'tx_gz3.jpg', '43t32drhv', '合住', '2室1厅', '4张床', '34㎡', '小院本着低碳､环保､分享､自由的生活模式,坚持以个人情趣及喜好经营,并不适合所有人,个人观感和志趣各有不同,媒体或个人描述时不免会有赞美或贬损之词,请理智看待､独立思考,纯粹抱着好奇心态以及满怀完美期望者请谨慎选择,以免彼此失望｡', '挺方便。干净舒适。没什么问题。', '5', '沐浴露,洗发水,拖鞋,吹风机,淋浴,空调,冰箱,洗衣机,WiFi,暖气,门卫,24小时热水,饮水设备', '15', '中国 ，广州市 ，白云', null, 'comment.png', 'uncollection.png,hascollectioned.png', null, null);
INSERT INTO `product` VALUES ('143', '天河地铁五山华师附近（夏沐之晨）房', 'gz3.jpg', '216.00', 'tx_gz4.jpg', 'hvthy', '单间', '1室', '2张床', '40㎡', '小清新风格的全新装修，密码锁防盗门，您无需担心没人给您开门以及找不到钥匙的情况。卧室配备150×200米的舒适大床，相信您一定会度过一个舒适', '很整洁,风格很喜欢,榻榻米也很舒服,而且隔音很好,很有自己家的感觉', '2', '沐浴露,洗发水,拖鞋,吹风机,淋浴,空调,冰箱,洗衣机,WiFi,暖气,门卫,24小时热水,饮水设备', '15', '中国 ，广东省 ，广州市 ，天河', null, 'comment.png', 'uncollection.png,hascollectioned.png', null, '1');
INSERT INTO `product` VALUES ('144', '公园前地铁北京路步行街全景大阳光房一居', 'gz4.jpg', '198.00', 'tx_gz5.jpg', 'vbgf', '整套', '1室1厅', '4张床', '26㎡', '小院本着低碳､环保､分享､自由的生活模式,坚持以个人情趣及喜好经营,并不适合所有人,个人观感和志趣各有不同,媒体或个人描述时不免会有赞美或贬损之词,请理智看待､独立思考,纯粹抱着好奇心态以及满怀完美期望者请谨慎选择,以免彼此失望｡', 'Ning is great guests, very nice people, they left everything clean and tidy. I recommend them highly.', '2', '沐浴露,洗发水,拖鞋,吹风机,淋浴,空调,冰箱,洗衣机,WiFi,暖气,门卫,24小时热水,饮水设备', '15', '中国 ，广州市 ，白云', null, 'comment.png', 'uncollection.png,hascollectioned.png', null, null);
INSERT INTO `product` VALUES ('145', '男女合住床位房', 'gz5.jpg', '298.00', 'tx_gz6.jpg', 'vghfdt45', '单间', '1室1厅', '2张床', '38㎡', '楼宇的建成年代是2007年，高层，这栋有3台电梯。小区绿化很好，以本地居民为主，有门禁有保安，很安全。 外部周围情况： 周围的饭馆很多，各地美食都有。周围的银行有中国工商银行，中国银行，中国建设银行', 'thanks for renting, Alexis and his friend they are very nice and clean.', '2', '沐浴露,洗发水,拖鞋,吹风机,淋浴,空调,冰箱,洗衣机,WiFi,暖气,门卫,24小时热水,饮水设备', '15', '中国 ，广东省 ，广州市 ，天河', null, 'comment.png', 'uncollection.png,hascollectioned.png', null, null);
INSERT INTO `product` VALUES ('146', '北京路公园前地铁上盖之云主题高级公寓整租', 'gz6.jpg', '268.00', 'tx_gz7.jpg', '4fdgdged', '单间', '1室', '4张床', '60㎡', '小院本着低碳､环保､分享､自由的生活模式,坚持以个人情趣及喜好经营,并不适合所有人,个人观感和志趣各有不同,媒体或个人描述时不免会有赞美或贬损之词,请理智看待､独立思考,纯粹抱着好奇心态以及满怀完美期望者请谨慎选择,以免彼此失望｡', '一个帅小伙儿,很友好。沟通顺畅,房间也保持的很干净。希望下次还来我们家做客。', '2', '沐浴露,洗发水,拖鞋,吹风机,淋浴,空调,冰箱,洗衣机,WiFi,暖气,门卫,24小时热水,饮水设备', '15', '中国 ，广州市 ，白云', null, 'comment.png', 'uncollection.png,hascollectioned.png', null, null);
INSERT INTO `product` VALUES ('147', '望广州塔双地铁近琶洲 唯美4号D双床房', 'gz7.jpg', '263.00', 'tx_gz8.jpg', 'cdfj', '整套', '1室', '4张床', '45㎡', '房间装修风格是简约为主。我认为房间可以带给人的感受是舒适。无线网络良好，全屋覆盖。房间里的电器设施有空调，热水器，冰箱，电吹风，电烫斗，洗衣机，电视，饮水机。客厅很大，有沙发，电视，咖啡，小食，不但移步阳台能远眺小蛮腰，而且在这个房间睡在床上透过窗户也能远眺小蛮腰。', 'nice guest, kept our place very clean and tidy! Highly recommended!', '2', '沐浴露,洗发水,拖鞋,吹风机,淋浴,空调,冰箱,洗衣机,WiFi,暖气,门卫,24小时热水,饮水设备', '15', '中国 ，广东省 ，广州市 ，天河', null, 'comment.png', 'uncollection.png,hascollectioned.png', null, null);
INSERT INTO `product` VALUES ('148', '广州上下九长寿路特价大床', 'gz8.jpg', '111.00', 'tx_gz9.jpg', 'mnt66', '整套', '1室1厅', '4张床', '26㎡', '「关于房东」我是90后北京人儿，个性爽朗，喜欢结交好友，到我家来做客定不会使你感到不自在！做短租是因为有闲置的房源，希望它可以为来到陌生城市的你提供家一样的住处～快来与我结缘吧', '靠近东直门地铁,坐机场快轨很方便。房间很干净,设施齐全,很棒棒!', '2', '沐浴露,洗发水,拖鞋,吹风机,淋浴,空调,冰箱,洗衣机,WiFi,暖气,门卫,24小时热水,饮水设备', '15', '中国 ，广东省 ，广州市 ，天河', null, 'comment.png', 'uncollection.png,hascollectioned.png', null, null);
INSERT INTO `product` VALUES ('149', '私享家广州长隆园景复式大床房', 'gz9.jpg', '159.00', 'tx_gz10.jpg', 'tvh454', '单间', '2室1厅', '1室1厅', '50㎡', 'ins小清新风，所有设计均由房主亲手设计。电视 冰箱 洗衣机 wifi 厨房 餐厅一应俱全，星星灯也特别适合拍照哟，有ukulele、黑胶唱片、大阳台、秋千、油画免费体验，小说 杂志也欢迎取阅但不要随意带走哟；沐浴露洗发水牙膏都是进口的哟～冰箱有自助零食 欢迎享用^_^ \r\n让您享受家一般的温暖', '虽然没见着房东,但房间真的很棒,干净舒适安静。从房间的摆设看得出房东是个很精致的人', '2', '沐浴露,洗发水,拖鞋,吹风机,淋浴,空调,冰箱,洗衣机,WiFi,暖气,门卫,24小时热水,饮水设备', '15', '中国 ，广东省 ，广州市 ，天河', null, 'comment.png', 'uncollection.png,hascollectioned.png', null, null);
INSERT INTO `product` VALUES ('150', '3晚起接机+三期无敌海景大床房', 'gz10.jpg', '236.00', 'tx_sy1.jpg', 'fthytv45', '合住', '1室', '2室1厅', '40㎡', '时尚温馨豪华装修，五星级的小区，私密的封闭式小区管理，安全舒适。配备舒适的大床与床垫，相信你一定会舒舒服服的睡个好觉，洗去旅途中的疲劳。除此之外还有机场到公寓的免费接送服务，卧室客厅还有空调，挂墙液晶电视，免费百兆高速光纤wifi，以及豪华整洁的独立卫生间哦，当然啊不少得24小时热水供应。', '非常棒的小区,距离地铁站很近', '2', '沐浴露,洗发水,拖鞋,吹风机,淋浴,空调,冰箱,洗衣机,WiFi,暖气,门卫,24小时热水,饮水设备', '15', '中国 ，广东省 ，广州市 ，天河', null, 'comment.png', 'uncollection.png,hascollectioned.png', null, null);
INSERT INTO `product` VALUES ('151', '三亚度假公寓 -海景大床房 5', 'sy1.jpg', '216.00', 'tx_sy2.jpg', '435ffgh', '合住', '1室1厅', '1室', '26㎡', '「关于房东」我是90后北京人儿，个性爽朗，喜欢结交好友，到我家来做客定不会使你感到不自在！做短租是因为有闲置的房源，希望它可以为来到陌生城市的你提供家一样的住处～快来与我结缘吧', '完美的假期体验', '2', '沐浴露,洗发水,拖鞋,吹风机,淋浴,空调,冰箱,洗衣机,WiFi,暖气,门卫,24小时热水,饮水设备', '16', '中国 ，海南省 ，三亚市', null, 'comment.png', 'uncollection.png,hascollectioned.png', null, null);
INSERT INTO `product` VALUES ('152', '大东海步行3分钟下海~ 阳台山景双标房！', 'sy2.jpg', '198.00', 'tx_sy3.jpg', 'hgff54', '单间', '1室2厅', '1室1厅', '38㎡', 'ins小清新风，所有设计均由房主亲手设计。电视 冰箱 洗衣机 wifi 厨房 餐厅一应俱全，星星灯也特别适合拍照哟，有ukulele、黑胶唱片、大阳台、秋千、油画免费体验，小说 杂志也欢迎取阅但不要随意带走哟；沐浴露洗发水牙膏都是进口的哟～冰箱有自助零食 欢迎享用^_^ \r\n让您享受家一般的温暖', '自助形式的入住 的確很方便~ 而且房間也很大舒適', '2', '沐浴露,洗发水,拖鞋,吹风机,淋浴,空调,冰箱,洗衣机,WiFi,暖气,门卫,24小时热水,饮水设备', '16', '中国 ，海南省 ，三亚市', null, 'comment.png', 'uncollection.png,hascollectioned.png', null, null);
INSERT INTO `product` VALUES ('153', '大东海 精致双标房 5分钟下海 快来吧~', 'sy3.jpg', '298.00', 'tx_sy4.jpg', 'nbvg4', '合住', '1室2厅', '1室2厅', '60㎡', '楼宇的建成年代是2007年，高层，这栋有3台电梯。小区绿化很好，以本地居民为主，有门禁有保安，很安全。 外部周围情况： 周围的饭馆很多，各地美食都有。周围的银行有中国工商银行，中国银行，中国建设银行', '非常好的房子,很开心住在这里。', '2', '沐浴露,洗发水,拖鞋,吹风机,淋浴,空调,冰箱,洗衣机,WiFi,暖气,门卫,24小时热水,饮水设备', '16', '中国 ，海南省 ，三亚市', null, 'comment.png', 'uncollection.png,hascollectioned.png', null, null);
INSERT INTO `product` VALUES ('154', '三亚闻香小院·暖', 'sy4.jpg', '268.00', 'tx_sy5.jpg', 'fg45', '单间', '2室1厅', '1室2厅', '45㎡', '小清新风格的全新装修，密码锁防盗门，您无需担心没人给您开门以及找不到钥匙的情况。卧室配备150×200米的舒适大床，相信您一定会度过一个舒适', '有机会还会继续入住', '3', '沐浴露,洗发水,拖鞋,吹风机,淋浴,空调,冰箱,洗衣机,WiFi,暖气,门卫,24小时热水,饮水设备', '16', '中国 ，海南省 ，三亚市', null, 'comment.png', 'uncollection.png,hascollectioned.png', '1', null);
INSERT INTO `product` VALUES ('155', '三亚湾海边豪华海景欧式蜜月开间大床房', 'sy5.jpg', '263.00', 'tx_sy6.jpg', 'fffhj45', '整套', '1室2厅', '2室1厅', '26㎡', '房间装修风格是简约为主。我认为房间可以带给人的感受是舒适。无线网络良好，全屋覆盖。房间里的电器设施有空调，热水器，冰箱，电吹风，电烫斗，洗衣机，电视，饮水机。客厅很大，有沙发，电视，咖啡，小食，不但移步阳台能远眺小蛮腰，而且在这个房间睡在床上透过窗户也能远眺小蛮腰。', '位置绝佳 房间干净 装修也不错 很喜欢 还在厨房做了饭 下次还会再来的', '6', '沐浴露,洗发水,拖鞋,吹风机,淋浴,空调,冰箱,洗衣机,WiFi,暖气,门卫,24小时热水,饮水设备', '16', '中国 ，海南省 ，三亚市', null, 'comment.png', 'uncollection.png,hascollectioned.png', null, null);
INSERT INTO `product` VALUES ('156', '三亚海棠湾美丽亚无敌海景大床房', 'sy6.jpg', '345.00', 'tx_sy7.jpg', 'nhvg45', '单间', '1室2厅', '1室2厅', '50㎡', 'ins小清新风，所有设计均由房主亲手设计。电视 冰箱 洗衣机 wifi 厨房 餐厅一应俱全，星星灯也特别适合拍照哟，有ukulele、黑胶唱片、大阳台、秋千、油画免费体验，小说 杂志也欢迎取阅但不要随意带走哟；沐浴露洗发水牙膏都是进口的哟～冰箱有自助零食 欢迎享用^_^ \r\n让您享受家一般的温暖', '房东人非常好!住宅位置也很好 很安静的一个小区 装修也很有品位', '4', '沐浴露,洗发水,拖鞋,吹风机,淋浴,空调,冰箱,洗衣机,WiFi,暖气,门卫,24小时热水,饮水设备', '16', '中国 ，海南省 ，三亚市', null, 'comment.png', 'uncollection.png,hascollectioned.png', null, null);
INSERT INTO `product` VALUES ('157', '无敌海景1002', 'sy7.jpg', '111.00', 'tx_sy8.jpg', '45fhy', '单间', '1室2厅', '1室2厅', '40㎡', '时尚温馨豪华装修，五星级的小区，私密的封闭式小区管理，安全舒适。配备舒适的大床与床垫，相信你一定会舒舒服服的睡个好觉，洗去旅途中的疲劳。除此之外还有机场到公寓的免费接送服务，卧室客厅还有空调，挂墙液晶电视，免费百兆高速光纤wifi，以及豪华整洁的独立卫生间哦，当然啊不少得24小时热水供应。', '房子干净整洁便利安全,很好的房东。', '5', '沐浴露,洗发水,拖鞋,吹风机,淋浴,空调,冰箱,洗衣机,WiFi,暖气,门卫,24小时热水,饮水设备', '16', '中国 ，海南省 ，三亚市', null, 'comment.png', 'uncollection.png,hascollectioned.png', null, null);
INSERT INTO `product` VALUES ('158', '三亚湾银海湾温馨蜜月海景圆床房', 'sy8.jpg', '159.00', 'tx_sy9.jpg', '4fyhf', '整套', '3室1厅', '2张床', '26㎡', 'ins小清新风，所有设计均由房主亲手设计。电视 冰箱 洗衣机 wifi 厨房 餐厅一应俱全，星星灯也特别适合拍照哟，有ukulele、黑胶唱片、大阳台、秋千、油画免费体验，小说 杂志也欢迎取阅但不要随意带走哟；沐浴露洗发水牙膏都是进口的哟～冰箱有自助零食 欢迎享用^_^ \r\n让您享受家一般的温暖', '位置非常好,并且主人小姐姐对入住的指导及时而准确。', '2', '沐浴露,洗发水,拖鞋,吹风机,淋浴,空调,冰箱,洗衣机,WiFi,暖气,门卫,24小时热水,饮水设备', '16', '中国 ，海南省 ，三亚市', null, 'comment.png', 'uncollection.png,hascollectioned.png', null, null);
INSERT INTO `product` VALUES ('159', '三亚湾 海月广场旁 温馨公寓 交通便利', 'sy9.jpg', '236.00', 'tx_sy10.jpg', 'hgthyt5', '整套', '1室1厅', '3张床', '30㎡', '三亚亚龙湾恒盛度假公寓位于具有“世界第一湾”美称的亚龙湾，依傍亚龙湾浴场、森林公园、蝴蝶谷、海底世界、贝壳谷、玫瑰园等。\r\n龙湾恒盛度假公寓拥有精心设计的公寓式客房，设施齐备。', '靠近东直门地铁,坐机场快轨很方便。房间很干净,设施齐全,很棒棒!', '2', '房子干净整洁便利安全,很好的房东。', '16', '中国 ，海南省 ，三亚市', null, 'comment.png', 'uncollection.png,hascollectioned.png', null, null);
INSERT INTO `product` VALUES ('160', '三亚湾海边豪华海景欧式蜜月开间大床房', 'sy10.jpg', '699.00', 'zl1.jpg', 'Liang', '整套', '2室1厅', '2张床', '45㎡', '小院本着低碳､环保､分享､自由的生活模式,坚持以个人情趣及喜好经营,并不适合所有人,个人观感和志趣各有不同,媒体或个人描述时不免会有赞美或贬损之词,请理智看待､独立思考,纯粹抱着好奇心态以及满怀完美期望者请谨慎选择,以免彼此失望｡', '房东是上海人，房子是个花园小别墅，真的非常干净！！！不得不说真的很细心的帮我们调整行程，房间巨舒服，讲真那个床以后我还想睡，离JR station走一会儿就到了，下次冬天去北海道还会住的！', '1', '淋浴,洗衣机,电视,免费停车场', '17', '云南，丽江', '', 'comment.png', 'uncollection.png,hascollectioned.png', null, null);
INSERT INTO `product` VALUES ('161', '丽江春风十里客栈典雅大床房', 'xzl1.jpg', '300.00', 'zl2.jpg', 'Jack', '整套', '4室1厅', '2张床', '26㎡', '房间装修风格是简约为主。我认为房间可以带给人的感受是舒适。无线网络良好，全屋覆盖。房间里的电器设施有空调，热水器，冰箱，电吹风，电烫斗，洗衣机，电视，饮水机。客厅很大，有沙发，电视，咖啡，小食，不但移步阳台能远眺小蛮腰，而且在这个房间睡在床上透过窗户也能远眺小蛮腰。', '很棒的空间,舒适而且便利,特别是厨房的用具很齐全可以自己烹调北海道新鲜的食材!床也好舒服!屋主很亲切回复也很及时!我们住在这里5天都不想回家了,预计秋天还会再来二世古,我还会再选择住在这里!', '1', '无线网络,免费停车位,厨房,洗发水', '17', '云南，丽江', '', 'comment.png', 'uncollection.png,hascollectioned.png', null, null);
INSERT INTO `product` VALUES ('162', '丽江古城高端庭院客栈特色房', 'xzl2.jpg', '488.00', 'zl3.jpg', '建阳', '整套', '4室2厅', '4张床', '50㎡', '小院本着低碳､环保､分享､自由的生活模式,坚持以个人情趣及喜好经营,并不适合所有人,个人观感和志趣各有不同,媒体或个人描述时不免会有赞美或贬损之词,请理智看待､独立思考,纯粹抱着好奇心态以及满怀完美期望者请谨慎选择,以免彼此失望｡', '房间宽敞,布局合理,体验很棒。如果还去札幌,会再想住这里,床垫和床品睡起来也很舒服。位置方便,离中岛公园站很近,附近有711。到狸小路走路就可以。', '1', '无线网络,厨房,洗发水,吹风机', '17', '云南，丽江', '', 'comment.png', 'uncollection.png,hascollectioned.png', null, null);
INSERT INTO `product` VALUES ('163', '丽江古城高端庭院客栈家庭套房', 'xzl3.jpg', '236.00', 'zl4.jpg', 'Wing', '单间', '2室1厅', '3张床', '23㎡', '小院本着低碳､环保､分享､自由的生活模式,坚持以个人情趣及喜好经营,并不适合所有人,个人观感和志趣各有不同,媒体或个人描述时不免会有赞美或贬损之词,请理智看待､独立思考,纯粹抱着好奇心态以及满怀完美期望者请谨慎选择,以免彼此失望｡', '房子很美,就是比较偏僻,太多蚊虫。对于怕虫子的人来说会影响睡眠。没有拖鞋提供', '1', '无线网络,免费停车位,厨房,洗发水', '17', '云南，丽江', '', 'comment.png', 'uncollection.png,hascollectioned.png', null, null);
INSERT INTO `product` VALUES ('164', '古城独栋2层民宿 阳台酒吧 私人院落', 'xzl4.jpg', '216.00', 'zl5.jpg', '朴宿Pusu', '合住', '3室1厅', '4张床', '58㎡', '房间装修风格是简约为主。我认为房间可以带给人的感受是舒适。无线网络良好，全屋覆盖。房间里的电器设施有空调，热水器，冰箱，电吹风，电烫斗，洗衣机，电视，饮水机。客厅很大，有沙发，电视，咖啡，小食，不但移步阳台能远眺小蛮腰，而且在这个房间睡在床上透过窗户也能远眺小蛮腰。', '老太太和房东儿子非常热情,去的时候迎接我们,送了一包巧克力,走的时候送我们走,还帮忙叫了taxi。房间里摆放的各种札幌市游玩交通信息也很全。唯一不足的是没有电视机,我和朋友都像看电视来着,订房间的时候没有注意。总体来说很不错的房间,值得入住。', '1', '无线网络,免费停车位,厨房,洗发水', '17', '云南，丽江', '', 'comment.png', 'uncollection.png,hascollectioned.png', null, null);
INSERT INTO `product` VALUES ('165', '丽江古城 108客栈 家庭房', 'xzl5.jpg', '345.00', 'zl6.jpg', '少芬', '整套', '2室1厅', '4张床', '58㎡', '楼宇的建成年代是2007年，高层，这栋有3台电梯。小区绿化很好，以本地居民为主，有门禁有保安，很安全。 外部周围情况： 周围的饭馆很多，各地美食都有。周围的银行有中国工商银行，中国银行，中国建设银行', '非常好的房东,从JR车站接送了我们四人,他的车坏了,他自费打车帮我们运送行李。房子很温馨,很干净,也很温暖。用的东西都很全面,很好的入住体验。', '1', '无线网络,免费停车位,厨房,洗发水', '17', '云南，丽江', '', 'comment.png', 'uncollection.png,hascollectioned.png', null, null);
INSERT INTO `product` VALUES ('166', '丽江祥和院听心豪华大床房', 'xzl6.jpg', '400.00', 'zl7.jpg', 'Jason', '整套', '4室1厅', '2张床', '26㎡', '小院本着低碳､环保､分享､自由的生活模式,坚持以个人情趣及喜好经营,并不适合所有人,个人观感和志趣各有不同,媒体或个人描述时不免会有赞美或贬损之词,请理智看待､独立思考,纯粹抱着好奇心态以及满怀完美期望者请谨慎选择,以免彼此失望｡', '房间非常干净,是个新房。房间里各种用品准备的非常齐全,位置很好找,就在二条渔市场的后面,狸小路1丁就在二条市场对面,距离JR札幌站1.5公里 走路15分钟。总之购物,吃喝都非常方便。房间里有空调和暖气房东不会中文,再之前沟通时有点小误会但都很好的解决了。总之这是一处性价比很高的民宿。', '1', '无线网络,厨房,洗发水,生活必需品', '17', '云南，丽江', '', 'comment.png', 'uncollection.png,hascollectioned.png', null, '');
INSERT INTO `product` VALUES ('167', '泸沽湖湖光倾晨苍苍浪漫湖景圆床房', 'xzl7.jpg', '400.00', 'zl8.jpg', 'Lei', '整套', '4室1厅', '2张床', '45㎡', '小清新风格的全新装修，密码锁防盗门，您无需担心没人给您开门以及找不到钥匙的情况。卧室配备150×200米的舒适大床，相信您一定会度过一个舒适', 'Neil非常好客,关心我们的入住情况,给我们提供及时的帮助。房间属于酒店式公寓,离公交车站约5分钟路程。房间舒适,厨房卫浴设施齐全,适合长期居住。楼顶免费温泉很赞。风景好。下次来还选择住这家!', '1', '无线网络,厨房,洗发水,生活必需品', '17', '云南，丽江', '', 'comment.png', 'uncollection.png,hascollectioned.png', null, null);
INSERT INTO `product` VALUES ('168', '木府悠觅主题客栈 精品大床', 'xzl8.jpg', '299.00', 'zl9.jpg', 'Rachel', '整套', '4室1厅', '2张床', '45㎡', '小院本着低碳､环保､分享､自由的生活模式,坚持以个人情趣及喜好经营,并不适合所有人,个人观感和志趣各有不同,媒体或个人描述时不免会有赞美或贬损之词,请理智看待､独立思考,纯粹抱着好奇心态以及满怀完美期望者请谨慎选择,以免彼此失望｡', '这次来日本的行程各种赶,超级累的,但是碰到maiko一家真的算是这次旅行最好的事了!maiko和ryuta炒鸡热心的。到的时候路面已经好厚雪了,maiko在门口接我们,给了我们一堆实用的交通、景点推荐,每天晚上也会来问问今天玩得如何?还想去哪玩。最后一天泡完温泉回来发现钥匙找不着了,挂着susi的钥匙特别可爱,好可惜...... 结果是个乌龙,夹在包里了…… 出发去新千岁机场的bus上,准备付钱时发现钱包掉了……这边又要赶飞机......那司机不收人民币,也没法刷卡......解释半天才勉强收了人民币,跟maiko联系不上就直接登机了,下机后maiko在…', '1', '无线网络,厨房,洗发水,生活必需品', '17', '云南，丽江', '', 'comment.png', 'uncollection.png,hascollectioned.png', null, null);
INSERT INTO `product` VALUES ('169', '丽江祥和院花幔大床房', 'xzl9.jpg', '280.00', 'zl10.jpg', 'Katniss', '整套', '4室1厅', '2张床', '60㎡', '楼宇的建成年代是2007年，高层，这栋有3台电梯。小区绿化很好，以本地居民为主，有门禁有保安，很安全。 外部周围情况： 周围的饭馆很多，各地美食都有。周围的银行有中国工商银行，中国银行，中国建设银行', 'Grace提早给我们准备好了房间。房间地理位置真的很棒,床很软睡得很踏实,阳台能看到摩天轮。住的很开心,性价比高!', '1', '淋浴,洗衣机,电视,免费停车场', '17', '云南，丽江', '', 'comment.png', 'uncollection.png,hascollectioned.png', null, null);
INSERT INTO `product` VALUES ('170', '哥特-简欧风格大套间/环球中心新会展地铁口', 'xzl10.jpg', '299.00', 'zl3.jpg', '舟', '整套', '2室1厅', '2张床', '45㎡', '小院本着低碳､环保､分享､自由的生活模式,坚持以个人情趣及喜好经营,并不适合所有人,个人观感和志趣各有不同,媒体或个人描述时不免会有赞美或贬损之词,请理智看待､独立思考,纯粹抱着好奇心态以及满怀完美期望者请谨慎选择,以免彼此失望｡', '太舒服以至于就想躺着看窗外发呆! 房东以及房子都很棒,唯一的建议是希望2个房间都能有蚊香,没有纱窗的韩屋以及招蚊子的体质搭配在一起,我感到了绝望', '1', '无线网络,厨房,洗发水,吹风机', '17', '云南，丽江', '', 'comment.png', 'uncollection.png,hascollectioned.png', null, null);
INSERT INTO `product` VALUES ('171', '市中心九眼桥春熙路榻榻米单卧套房', 'xzl11.jpg', '167.00', 'zl4.jpg', '婕', '整套', '4室1厅', '2张床', '26㎡', '房间装修风格是简约为主。我认为房间可以带给人的感受是舒适。无线网络良好，全屋覆盖。房间里的电器设施有空调，热水器，冰箱，电吹风，电烫斗，洗衣机，电视，饮水机。客厅很大，有沙发，电视，咖啡，小食，不但移步阳台能远眺小蛮腰，而且在这个房间睡在床上透过窗户也能远眺小蛮腰。', '非常友好，极力推荐。', '1', '无线网络,厨房,洗发水,吹风机', '18', '四川，成都', '', 'comment.png', 'uncollection.png,hascollectioned.png', null, null);
INSERT INTO `product` VALUES ('172', '【拾月】市区地铁房/投影幕布私人影院', 'xzl12.jpg', '345.00', 'zl5.jpg', 'Qinpeng', '整套', '4室1厅', '4张床', '60㎡', '\"Jozankei Onsen is a hot springs resort on the outskirts of Sapporo city. ', '一个人住很不错 环境干净 这次住在207 住了3天 环境也安静 没有很多客人吵闹 附近也有地铁和jr 交通不错的 很愉快的一次住宿', '1', '无线网络,厨房,洗发水,吹风机', '18', '四川，成都', '', 'comment.png', 'uncollection.png,hascollectioned.png', null, null);
INSERT INTO `product` VALUES ('173', '八宝街/宽窄巷子/文殊院/温馨大床房3', 'xzl13.jpg', '167.00', 'zl6.jpg', '兵', '合住', '4室1厅', '2张床', '26㎡', 'Our 1BD apartment with counter kitchen can fit two adults or a family with small children. Natural Hot springs in the build…\"', '非常友好，极力推荐。', '1', '无线网络,厨房,洗发水,吹风机', '18', '四川，成都', '', 'comment.png', 'uncollection.png,hascollectioned.png', null, null);
INSERT INTO `product` VALUES ('174', '成都牛市口地铁浪漫温馨房', 'xzl15.jpg', '345.00', 'zl1.jpg', 'Guo Dong', '整套', '4室1厅', '4张床', '60㎡', '\"Located is south area of Sapporo.There has good nature .', '我们需要的设施都很好。包括便携式wifi和家庭wifi。舒适的公寓。', '1', '毛巾,洗发水,电视,空调', '18', '四川，成都', '', 'comment.png', 'uncollection.png,hascollectioned.png', null, null);
INSERT INTO `product` VALUES ('175', '『提拉米苏』春熙路 太古里 九眼桥 地铁', 'xzl6.jpg', '400.00', 'zl2.jpg', '本', '合住', '2室1厅', '2张床', '45㎡', 'The apartment is 2-floors with kitchen and bath room. Able to stay up to 6 people maximum, kids(under 10years old) are free. The house is not …\"', '房东人非常nice！一開始找不到位置還親自出來帶我到过去，也很親切介紹好吃好玩的地方。', '1', '毛巾,洗发水,电视,空调', '18', '四川，成都', '', 'comment.png', 'uncollection.png,hascollectioned.png', null, null);
INSERT INTO `product` VALUES ('176', '地铁4号线太升南路站温馨家庭影院一居', 'xzl7.jpg', '400.00', 'zl6.jpg', '小新', '整套', '2室1厅', '2张床', '58㎡', '\"自行入住和退房,非常便利!!', '非常友好，极力推荐。', '1', '毛巾,洗发水,电视,空调', '18', '四川，成都', '', 'comment.png', 'uncollection.png,hascollectioned.png', null, null);
INSERT INTO `product` VALUES ('177', 'NO.16春熙路/太古里/北欧阳光房', 'xzl8.jpg', '299.00', 'zl7.jpg', '芳华', '整套', '2室1厅', '2张床', '58㎡', '2分鐘到地鐵大通站,地鐵1站到JR札幌站', '离晴空塔真的很近，有全家。安静的小巷子里。', '1', '毛巾,洗发水,电视,空调', '18', '四川，成都', '', 'comment.png', 'uncollection.png,hascollectioned.png', null, null);
INSERT INTO `product` VALUES ('178', '特价！宽窄巷子/人民公园地铁站/怀旧两居室', 'xzl9.jpg', '299.00', 'zl8.jpg', '家', '合住', '3室1厅', '4张床', '30㎡', '1分鐘到新千歲機場的巴士站\"', '房間很整潔，位置方便，房東回覆很快，有什麼需要都會盡量幫忙解決，超讚的房東', '1', '毛巾,WIFI,电视,空调', '18', '四川，成都', '', 'comment.png', 'uncollection.png,hascollectioned.png', null, null);
INSERT INTO `product` VALUES ('179', '唐阿姨的小别墅', 'xzl11.jpg', '299.00', 'zl9.jpg', '琼', '合住', '3室1厅', '4张床', '30㎡', '\"Korean traditional house in Hanok conservation area in Seoul.', '床铺干净卫生，宾馆风格独树一帜～洗澡洗漱都很方便～服务态度较好', '1', '毛巾,WIFI,电视,空调', '18', '四川，成都', '', 'comment.png', 'uncollection.png,hascollectioned.png', null, null);
INSERT INTO `product` VALUES ('180', '秋山故事，西湖山水边的一张柔软大床', 'xzl12.jpg', '299.00', 'zl4.jpg', 'Chen', '整套', '2室1厅', '2张床', '45㎡', 'This hanok had been built in 1934 and fully renovated in 2012. ', '旅店位置就在垦丁大街上，晚上出来吃吃喝喝非常方便。进入旅店稍微有些闷热，房间有些老旧，但还算干净，只是。。。后来发现有蚂蚁，不过美女老板娘人很好，提供了很多帮助，还借了杀虫剂，每天出门前喷一下，抑制了蚂蚁，最后都没怎么再见到。希望旅店可以想想办法，解决蚂蚁的问题，毕竟还是会影响心情的。', '1', '毛巾,WIFI,电视,空调', '18', '四川，成都', '', 'comment.png', 'uncollection.png,hascollectioned.png', null, null);
INSERT INTO `product` VALUES ('181', '秋如画，西湖山水之间的双床房', 'xzl13.jpg', '216.00', 'zl5.jpg', '嗨', '合住', '3室1厅', '4张床', '58㎡', 'You can rent entire my house without interference from any other people…\"', '房間很整潔，位置方便，房東回覆很快，有什麼需要都會盡量幫忙解決，超讚的房東', '1', '毛巾,WIFI,电视,空调', '19', '浙江省，杭州市', '', 'comment.png', 'uncollection.png,hascollectioned.png', null, null);
INSERT INTO `product` VALUES ('182', 'LOFT户型、独户独卫、住3人厨具全', 'xzl6.jpg', '888.00', 'zl6.jpg', '芳芳', '整套', '4室2厅', '4张床', '50㎡', '\"- Located in center of Gangnam', '\"前台的小妹真的超级无敌热情可爱！！给我们提供了很多有用的信息！！', '1', '毛巾,WIFI,电视,空调', '19', '浙江省，杭州市', '', 'comment.png', 'uncollection.png,hascollectioned.png', null, null);
INSERT INTO `product` VALUES ('183', '闸弄口附近 结识精彩的你', 'xzl15.jpg', '299.00', 'zl7.jpg', '雷', '整套', '2室1厅', '2张床', '45㎡', '- Very quiet and safe residential area in Gangnam', '忘了问了她什么名字了 戴眼镜的超级可爱！ ', '1', '毛巾,WIFI,电视,空调', '19', '浙江省，杭州市', '', 'comment.png', 'uncollection.png,hascollectioned.png', null, null);
INSERT INTO `product` VALUES ('184', '特惠主卧闸弄口地铁8分钟近东站武林广场', 'xzl13.jpg', '236.00', 'zl8.jpg', '斯程', '整套', '3室1厅', '4张床', '25㎡', '- Very close from COEX, Apgujeong, Cheongdam, Sinsa area\"', '最后还跟她自拍了！', '1', '毛巾,WIFI,电视,空调', '19', '浙江省，杭州市', '', 'comment.png', 'uncollection.png,hascollectioned.png', null, null);
INSERT INTO `product` VALUES ('185', 'LOFT户型、独户独卫、住3人厨具全', 'xzl12.jpg', '236.00', 'zl9.jpg', '思远', '整套', '4室1厅', '3张床', '58㎡', '\"Great view with luxury interior and good location. ', '还好地理位置好\r\n', '1', '毛巾,WIFI,电视,空调', '19', '浙江省，杭州市', '', 'comment.png', 'uncollection.png,hascollectioned.png', null, null);
INSERT INTO `product` VALUES ('186', '秋山故事，西湖山水边的一张柔软大床', 'xzl6.jpg', '167.00', 'zl10.jpg', 'Jing', '单间', '1室', '3张床', '58㎡', 'This is one of most luxury place in middle of Gangnam.', '旅馆的位置蛮方便的 旁边就有711和麦当劳', '1', '毛巾,WIFI,电视,空调', '19', '浙江省，杭州市', '', 'comment.png', 'uncollection.png,hascollectioned.png', null, null);
INSERT INTO `product` VALUES ('187', '西湖如果别墅103西雅图之夜', 'xzl7.jpg', '345.00', 'zl11.jpg', '如梦初醒', '单间', '3室1厅', '4张床', '30㎡', 'With music instrument, with amazing view,\"', '反正在垦丁 都得租个小机车才好玩呀！！', '1', '毛巾,洗发水,电视,空调', '19', '浙江省，杭州市', '', 'comment.png', 'uncollection.png,hascollectioned.png', null, null);
INSERT INTO `product` VALUES ('188', '闸弄口附近 结识精彩的你', 'xzl8.jpg', '216.00', 'zl12.jpg', '高宇', '单间', '2室1厅', '4张床', '30㎡', '\"- The best travel location in Seoul', '房间也蛮大挺舒服的 ', '1', '毛巾,WIFI,电视,空调', '19', '浙江省，杭州市', '', 'comment.png', 'uncollection.png,hascollectioned.png', null, null);
INSERT INTO `product` VALUES ('189', '特惠主卧闸弄口地铁8分钟近东站武林广场', 'xzl9.jpg', '236.00', 'zl13.jpg', '上善若水', '单间', '3室1厅', '2张床', '23㎡', '- Urban boutique interior', 'Anna 人很好。环境也非常棒。很安静\r\n', '1', '毛巾,WIFI,电视,空调', '19', '浙江省，杭州市', '', 'comment.png', 'uncollection.png,hascollectioned.png', null, null);
INSERT INTO `product` VALUES ('190', '尖沙咀黄金地段 - 1分钟地铁出口, 全新欧陆装修, 宽阔巨厅+2间大卧室, 舒适10人居。', 'xzl10.jpg', '236.00', 'zl14.jpg', '杰克船长', '整套', '3室1厅', '4张床', '25㎡', '- AREX(Airport subway line)\"', '整体感觉不错！\"', '1', '毛巾,洗发水,电视,空调', '19', '浙江省，杭州市', '', 'comment.png', 'uncollection.png,hascollectioned.png', null, null);
INSERT INTO `product` VALUES ('191', '尖沙咀黄金地段 - 1分钟地铁出口, 全新欧陆装修, 宽阔巨厅+2间大卧室, 舒适10人居。', 'xzl11.jpg', '167.00', 'zl15.jpg', '杰克船长', '整套', '4室1厅', '2张床', '26㎡', '\"If your dates are not available for this house, please check below my another house in the same building. ( same structure with different deco )', '在圣淘沙也可以选择乘坐缆车俯瞰全貌。 圣淘沙到四面环海，拥有新加坡三个最美丽且各具风格的海滩—西乐索海滩、巴拉湾海滩与丹戎海滩。个人觉得沙子非常不错 海水质量一般 不下水就沙滩上走走就很舒服了。 在这里可以玩沙滩排球，周边有咖啡座、沙滩酒吧与精品商店，同时还有很多户外活动，如独木舟、滑水板、骑车与滑轮等，一般当地家庭会选择周末的时候来这里。', '1', '毛巾,洗发水,电视,空调', '20', '中国，香港自治区', '', 'comment.png', 'uncollection.png,hascollectioned.png', null, null);
INSERT INTO `product` VALUES ('192', '設計大師的豪華單間套房 - 五樓', 'xzl2.jpg', '345.00', 'zl3.jpg', '阿慧', '整套', '4室1厅', '4张床', '60㎡', '樱枫女子会馆号馆位于东武东上线中板桥站南出口，步行约10分钟，或从有乐町线小竹向原站步行约16分钟。', '漂亮的房子，好人，步行距离内有一个巴士站。 商场和美食广场7分钟。 店主也很漂亮。 NUS和Mapletree的好地方。', '1', '沐浴露,洗发水,拖鞋,吹风机,淋浴,空调,冰箱,洗衣机,WiFi,暖气,门卫,24小时热水,饮水设备', '20', '中国，香港自治区', '', 'comment.png', 'uncollection.png,hascollectioned.png', null, null);
INSERT INTO `product` VALUES ('193', '铜锣湾时代广场，干净整洁宿舍，日租月租', 'xzl3.jpg', '216.00', 'zl4.jpg', '京都民宿', '合住', '3室1厅', '4张床', '58㎡', '这里是背包客栈，有世界各地的背包客居住，位于东京上野世界遗产☆国立西洋美术馆☆旁边的鶯谷駅.', '房子干净整洁便利安全,很好的房东。', '1', '沐浴露,洗发水,拖鞋,吹风机,淋浴,空调,冰箱,洗衣机,WiFi,暖气,门卫,24小时热水,饮水设备', '20', '中国，香港自治区', '', 'comment.png', 'uncollection.png,hascollectioned.png', null, null);
INSERT INTO `product` VALUES ('194', '香港太子花园酒店（双床/大床房间）', 'xzl4.jpg', '236.00', 'zl5.jpg', '流苏', '单间', '2室1厅', '3张床', '23㎡', '住所距离JR高円寺车站只需步行4分钟，丸之内线的新高円寺车站只需步行6分钟。交通便捷，出行方便 。到新宿，涩谷，上野等旅游景点超方便。搭乘电车到新宿只需7分钟。附近有ルック商店街，パル商店街、纯情商店街，街上有很多餐饮店，服饰店，平价超市，果蔬店，居酒屋，药妆店等，还有日本最大的中古市场，市场上出售的都是欧美名牌商品。闲暇之余，走走逛逛，既可以品尝到特色美食，购买到物美价廉的商品，还可以体验到日本当地的生活。', '位置非常好,并且主人小姐姐对入住的指导及时而准确。', '1', '沐浴露,洗发水,拖鞋,吹风机,淋浴,空调,冰箱,洗衣机,WiFi,暖气,门卫,24小时热水,饮水设备', '20', '中国，香港自治区', '', 'comment.png', 'uncollection.png,hascollectioned.png', null, null);
INSERT INTO `product` VALUES ('195', '旺角地铁站附近 双人大床房', 'xzl5.jpg', '888.00', 'zl1.jpg', 'ba bao 1969', '整套', '4室2厅', '4张床', '50㎡', '位于表参道站高级住宅的地方，为您的品牌购物的着名的地方品种与咖啡馆，享受的需求。', '靠近东直门地铁,坐机场快轨很方便。房间很干净,设施齐全,很棒棒!', '1', '沐浴露,洗发水,拖鞋,吹风机,淋浴,空调,冰箱,洗衣机,WiFi,暖气,门卫,24小时热水,饮水设备', '20', '中国，香港自治区', '', 'comment.png', 'uncollection.png,hascollectioned.png', null, null);
INSERT INTO `product` VALUES ('196', 'HKM-F 1分钟旺角地铁 WIFI 独立卫浴 空调 朗豪坊 西洋菜南街 花园街', 'xzl6.jpg', '299.00', 'zl7.jpg', '流苏', '整套', '2室1厅', '2张床', '45㎡', '欢迎情侣出游或者家庭出游的朋友们来预定这个房子。新房子,新装修,新床,一切都是新的。整套房子,一室一卫一厨一浴,房子位置好,东京银座高档小区。靠近银座中央道、筑地海鲜市场、台场、日本桥、东京站。楼下就是地铁站,出行方便,走路2分钟到银座中央道,购物天堂,喜欢购物的您千万不要错过。因为房子位置好,比邻银座中央道、购物街、美食街,所您一定会爱上我的房源。徒步8分钟可到筑地海鲜市场,早上五点起来走到海鲜市场品尝最鲜的美味也是非常不错的选择。如此优质的房源,您不容错过。', 'Alex is a very kind man, and his apartment is quite cozy! I would like to book again.', '1', '沐浴露,洗发水,拖鞋,吹风机,淋浴,空调,冰箱,洗衣机,WiFi,暖气,门卫,24小时热水,饮水设备', '20', '中国，香港自治区', '', 'comment.png', 'uncollection.png,hascollectioned.png', null, null);
INSERT INTO `product` VALUES ('197', '舒适的公寓，地铁油麻地站步行仅需3分钟#Y09', 'xzl7.jpg', '198.00', 'zl8.jpg', '小月', '整套', '2室1厅', '2张床', '45㎡', '现在订刚好11月底到12月上旬能从阳台看到红叶!', '挺方便。干净舒适。没什么问题。', '1', '沐浴露,洗发水,拖鞋,吹风机,淋浴,空调,冰箱,洗衣机,WiFi,暖气,门卫,24小时热水,饮水设备', '20', '中国，香港自治区', '', 'comment.png', 'uncollection.png,hascollectioned.png', null, null);
INSERT INTO `product` VALUES ('198', '铜锣湾地铁站旁超值商旅单间，四通八达', 'xzl10.jpg', '299.00', 'zl9.jpg', '陶陶', '整套', '2室1厅', '2张床', '45㎡', '乘着方舟‧前进海滨‧探寻秘境 　 “垦丁民宿‧方舟客栈”位于热闹的垦丁大街上，拥有绝佳便利的地理优势，旅客只要出了门就可漫游垦丁大街，采购特色美食及精美纪念品；民宿邻近小湾沙滩，旅人们步行即可前往沙滩戏水踏浪，尽想垦丁的海滨风情。 　 “垦丁民宿‧方舟客栈”大门口可爱童趣的绿色造景，加上镶上灰白石头的蓝白墙面，充分显现出垦丁海洋的闲情逸致。趋步登上民宿顶楼，即可享有远眺青蛙石的优美风景。 　 “垦丁民宿‧方舟客栈”主要提供可容纳二人及四人的简易精致房型，宽敞而幽密的住宿空间，以普普风格的墙面花样、干净明亮的住宿环境，配置上简易完善的家居设备，呈现海滨地区独有的淡雅闲情吹风机,舒适床舖,第四台,独立卫浴,冷气,冰箱,梳妆台,基本盥洗用具,浴巾,毛巾,观景窗/观景阳台,wifi(请自备网络连接线)', '很整洁,风格很喜欢,榻榻米也很舒服,而且隔音很好,很有自己家的感觉', '1', '沐浴露,洗发水,拖鞋,吹风机,淋浴,空调,冰箱,洗衣机,WiFi,暖气,门卫,24小时热水,饮水设备', '20', '中国，香港自治区', '', 'comment.png', 'uncollection.png,hascollectioned.png', null, null);
INSERT INTO `product` VALUES ('199', 'Private roof top studio in the heart of SOHO', 'xzl11.jpg', '888.00', 'zl14.jpg', 'Maggie', '整套', '4室2厅', '4张床', '50㎡', '夕阳红渡假庄园就与垦丁海生馆比邻而座，不到两分钟的路程，让您彷彿就住在海生馆里!!民宿主人不惜重资在这里打造一个心目中的理想花园，有宽广的草皮，观景台', 'Ning is great guests, very nice people, they left everything clean and tidy. I recommend them highly.', '1', '沐浴露,洗发水,拖鞋,吹风机,淋浴,空调,冰箱,洗衣机,WiFi,暖气,门卫,24小时热水,饮水设备', '20', '中国，香港自治区', '', 'comment.png', 'uncollection.png,hascollectioned.png', null, null);
INSERT INTO `product` VALUES ('200', 'SuperHost\'s Private Bedroom on HK Island ', 'xzl12.jpg', '299.00', 'zl15.jpg', '歌丽特', '整套', '2室1厅', '2张床', '45㎡', '公寓位于很潮的sohu区,6楼带一个很棒的天台,周围很多cool的酒吧和餐厅。', 'ery good location. It\'s easy to check in and check out. The roof is the best!', '1', '沐浴露,洗发水,拖鞋,吹风机,淋浴,空调,冰箱,洗衣机,WiFi,暖气,门卫,24小时热水,饮水设备', '20', '中国，香港自治区', '', 'comment.png', 'uncollection.png,hascollectioned.png', null, null);
INSERT INTO `product` VALUES ('201', '深圳北站地铁五和地铁站附近四季花城阳台房', '142fdc98-5c12-4f01-aaff-6cb176bcabd0.jpg', '145.00', '8f85ed23-13d0-4c33-89b1-a6c47ef7a66e (1).jpg', 'Liang', '单间\r\n', '1室1厅', '1张床', '18㎡', '欧式田园小清新风格，结合东方美学素文化，为您提供一个舒适安全的小窝。柔软舒适的床垫，软绵绵的地毯，一个小桌，一盏小灯，一片素叶相框，让人安静，舒心。', '房间的位置很不错 就在地铁上 离深圳北站也比较近 房间很干净 房主也很热情 很不错的一次体验~ 谢谢房主', '106', '生活必需品，空调，暖气，洗衣机，衣架，熨斗，洗衣机，衣架，熨斗', '21', ' 广东省, 中国,深圳市', null, 'comment.png', 'uncollection.png,hascollectioned.png', null, null);
INSERT INTO `product` VALUES ('202', '福田CBD会展中心三分钟,购物公园平安金融中心五分钟,七号线皇岗村E出口二分钟到小区,可住最多五人。', 'cdb430cc-7efd-447e-80d9-5374877681eb (1).jpg', '159.00', '6ca7c5e6-4851-4ec2-b472-0e95c8cf9f1a.jpg', 'Jack', '合住\r\n', '2室1厅', '2张床', '26㎡', '深圳的豪宅之一,全海景,南海玫瑰花园三期,半岛城邦旁——\r\n出行:离地铁站步行5分钟,深圳湾口岸和蛇口码头打车10分钟之内到达。\r\n玩:楼下海边栈道,欣赏海景,散步游玩。再者可以步行至海上世界和南海意库(轮船,艺术咖啡店,展览)', '尚无评价', '0', '生活必需品，空调，暖气，洗衣机，衣架，熨斗，洗衣机，衣架，熨斗', '21', ' 广东省, 中国,深圳市', null, 'comment.png', 'uncollection.png,hascollectioned.png', '1', null);
INSERT INTO `product` VALUES ('203', '下梅林*绿景虹湾*地铁9号线*纯白风*整租*两卫/视线开阔', 'b33c59fb-b8e0-4893-a9f2-8146132a38e9.jpg', '236.00', '94ed15c5-1fb6-4195-940f-042a0d3a578a.jpg', '建阳', '合住', '1室', '1张床', '30㎡', '地铁上的城市民宿,零距离连接9号线(梅景站A出口)。楼下佐阾超级商场:购物、美食、娱乐一应俱全,下楼就可有电影院(imax厅),星巴克等,住宅四楼空中花园带泳池,是散步的好去处。\r\n欢迎喜欢交友的驴友,美女房东坐镇还有一个可爱萌宠大金毛,让你不再觉得住宿就是冰冷的一张床而已!\r', '尚无评价', '0', '生活必需品，空调，暖气，洗衣机，衣架，熨斗，洗衣机，衣架，熨斗', '21', ' 广东省, 中国,深圳市', null, 'comment.png', 'uncollection.png,hascollectioned.png', null, null);
INSERT INTO `product` VALUES ('204', '石厦/皇岗村双线地铁,会展CBD黄金商圈 ,近coco park,毗邻双口岸,轻奢设计,无敌阳台夜景', '4877ff0d-3019-4bce-aa57-01ca82c40188.jpg', '198.00', '683cc005-9a32-4215-af74-92424da3b1c7.jpg', 'Wing', '整套', '3室1厅', '3张床', '36㎡', '石厦/皇岗村双线地铁,会展CBD黄金商圈 ,近coco park购物公园,毗邻双口岸,轻奢设计,休闲阳台,商务民宿首选。', '色彩鲜明的软饰,视觉碰撞感的挂画,营造一个简约时尚舒适又个性的空间。让您放下的烦嚣, 享受自我空间!', '13', '生活必需品，空调，暖气，洗衣机，衣架，熨斗，洗衣机，衣架，熨斗', '21', ' 广东省, 中国,深圳市', null, 'comment.png', 'uncollection.png,hascollectioned.png', null, null);
INSERT INTO `product` VALUES ('205', '【朴宿·梵高的夜】大剧院地铁站,香港,京基100,罗湖中心,荔枝公园,顶楼风光,万象城,艺术', 'adeb149b-b0eb-4d63-8663-77f3f417858c.jpg', '236.00', 'bdbda0d2-c16d-4f8f-b4bb-c62ce044c5c5.jpg', '朴宿Pusu', '整套', '2室1厅', '2张床', '25㎡', 'Hang就读于帝国理工学院,Ling是阿联酋航空商务舱空乘, 我是一家公益组织的项目主管。', '非常文艺的房子,布置得非常有艺术气质。壁画真的超级漂亮,刚看了挚爱梵高的电影没想到来深圳还有主题房。楼下就是京基100购物中心,直通地铁站,超级方便。强力打call,下次还来!', '65', '生活必需品，空调，暖气，洗衣机，衣架，熨斗，洗衣机，衣架，熨斗', '21', ' 广东省, 中国,深圳市', null, 'comment.png', 'uncollection.png,hascollectioned.png', null, null);
INSERT INTO `product` VALUES ('206', '【北欧·暖阳】福田CBD.毗邻福田口岸&皇岗口岸&会展中心.去香港方便.临近地铁7号线石厦站.舒适3CBD', '91523962-4bd0-46cc-bc06-dfb3896c1dda.jpg', '298.00', 'd586645c-1d0e-4182-a7a4-155436513dc6.jpg', '少芬', '单间', '1室', '4张床', '18㎡', '我们家位于福田区CBD.石厦地铁站附近,步行10分钟左右到,来往香港便捷,福田口岸皇岗口岸只要5分钟宝安机场地铁联结,搭地铁11号线转3号线仅40分钟近福田车站,高铁地铁,双铁共构,交通超便捷大楼24小时保安,福田CBD区内治安好.近Cocopark购物公园,楼下便利店、小餐馆、附近亦有卖场.', '新房东,尚无评价', '0', '生活必需品，空调，暖气，洗衣机，衣架，熨斗，洗衣机，衣架，熨斗', '21', ' 广东省, 中国,深圳市', null, 'comment.png', 'uncollection.png,hascollectioned.png', null, null);
INSERT INTO `product` VALUES ('207', '香蜜公园商圈豪宅带车位', '567b3b65-fa35-4457-8406-feb62717eafc.jpg', '268.00', '089587d9-a4bd-4777-b2f0-ecb04372b546.jpg', 'Jason', '单间', '1室', '2张床', '26㎡', '花园坐落在深圳市腹地福田香蜜湖豪宅片区,小区地理位置闹中处静,交通四通八达。前有深南大道,后有北环大道,离广深高速公路一公里,农林站地铁口在小区200米处。小区安静,安全,环境优美,绿树成荫,花开四季,是深圳一流的豪宅小区。\r', 'Very helpful!', '55', '生活必需品，空调，暖气，洗衣机，衣架，熨斗，洗衣机，衣架，熨斗', '21', ' 广东省, 中国,深圳市', null, 'comment.png', 'uncollection.png,hascollectioned.png', null, null);
INSERT INTO `product` VALUES ('208', 'LADYMA |原宿 摩洛哥风格 福田CBD会展中心#家庭影院#CocoPark福田皇岗口岸岗厦地铁', 'd30cf6e5-2826-4364-adbb-548e03031066.jpg', '263.00', 'cc2ad47f-2b0c-485d-b1a4-852930b42950.jpg', 'Lei', '整套', '1室', '2张床', '30㎡', '【原宿】公寓装修结合了摩洛哥风格的设计,每一件软装都是精心挑选,希望通过我的设计,感受到不同的创意旅居,让旅程更美好!\r', '房间设施很新,干净整洁,明亮舒适,赞一个', '30', '生活必需品，空调，暖气，洗衣机，衣架，熨斗，洗衣机，衣架，熨斗', '21', ' 广东省, 中国,深圳市', null, 'comment.png', 'uncollection.png,hascollectioned.png', null, null);
INSERT INTO `product` VALUES ('209', '醉舍|蛇口LOFT复式青花瓷民族风文艺之家|Shekou海上世界/深圳湾/蛇口码头/海岸城/自贸区', 'd2f5f4ca-e929-4eb2-8054-0747e05c1aa1.jpg', '159.00', 'b6f24f06-2739-4138-8eb2-240a7df5fda2.jpg', 'Rachel', '整套', '1室', '1张床', '36㎡', '小复式青花瓷中国风装修风格的文艺之家,充满浪漫气息,茶座,葡萄酒,香薰和烛台,全套的厨房用品,柴米油盐酱醋都帮您准备好,让您一展厨艺。还有全套五星酒店标准配置的高端用品……总有一样让您流连忘返。\r\n蛇口不仅是自贸区,更是代表深圳改革开放文化的地方。', '非常好!', '15', '生活必需品，空调，暖气，洗衣机，衣架，熨斗，洗衣机，衣架，熨斗', '21', ' 广东省, 中国,深圳市', null, 'comment.png', 'uncollection.png,hascollectioned.png', null, null);
INSERT INTO `product` VALUES ('210', 'Double公寓-深圳中心区', 'cff40be0-b55c-4890-912b-b94a9f80f4ec.jpg', '236.00', '43846e58-2176-43c0-addd-2f9b83d9d01c.jpg', 'Katniss', '单间', '1室', '4张床', '25㎡', '这是两间位于同一楼层相邻的两间独立公寓,适合家庭,朋友出游,既有各自空间,又可结伴同行。', '被子超舒服哈哈哈,爱死了。各个角落都很用心,男朋友很喜欢祖马龙的沐浴露。以后在深圳就选你们家了', '318', '生活必需品，空调，暖气，洗衣机，衣架，熨斗，洗衣机，衣架，熨斗', '21', ' 广东省, 中国,深圳市', null, 'comment.png', 'uncollection.png,hascollectioned.png', null, null);
INSERT INTO `product` VALUES ('211', '1分钟到栈桥,岛城百年别墅洋房,暖气(欢迎欣赏历史老建筑的亲预订),订前请详看房源介绍,禁商拍', '3d5f38a2_original.jpg', '216.00', 'original.jpg', '舟', '合住', '3室1厅', '4张床', '18㎡', '一座守望大海的百年老宅。它始建于1929年距今已近90年,是青岛市优秀历史建筑。此房间位于别墅二楼,它的格局及细节均在最大程度上保留了历史原貌,因此与现今套房及千篇一律的酒店式公寓是不同的,也无可比性。请您确认喜欢并能欣赏历史感的老房子再预订。\r\n房间通透舒适,有独立卫生间及阳台', '性价比很高,房东很热情。', '380', '生活必需品，空调，暖气，洗衣机，衣架，熨斗，洗衣机，衣架，熨斗', '22', '中国，山东, 青岛', null, 'comment.png', 'uncollection.png,hascollectioned.png', null, null);
INSERT INTO `product` VALUES ('212', '五四广场&奥帆基地', '0e00c417-180f-446f-846e-f9565543d020.jpg', '198.00', '67414656-e32d-43a7-a76e-e2ae582e83f8.jpg', '婕', '合住', '1室1厅', '2张床', '26㎡', '房间3个卧室两个卫生间,阳台直观青岛五月风标志和大海,楼下就是地铁3号线和2号线去各个景点都非常方便,小区属于青岛的最中心,是出门旅游的最佳选择', '房东人非常好,交代的很仔细,位置特别好,散步不错,附近酒馆,咖啡馆,吃的很多,值得推荐,有幸住一次这样的住的地方,非常好', '10', '生活必需品，空调，暖气，洗衣机，衣架，熨斗，洗衣机，衣架，熨斗', '22', '中国，山东, 青岛', null, 'comment.png', 'uncollection.png,hascollectioned.png', null, null);
INSERT INTO `product` VALUES ('213', '设计师的心灵寓所,万象城旁轻奢气质公寓,五四广场地铁站300米,专属地下车位,短租长租', '28335c75-2744-4c65-a666-783a9926dbb1.jpg', '298.00', '5a758a3e-9c82-47ae-b505-4923dcd182e7.jpg', 'Qinpeng', '单间', '2室1厅', '4张床', '30㎡', '1. 位于青岛沿海一线的中心地带,闹中取静的独立电梯公寓。距地铁五四广场出口350米,至万象城购物中心200米,市政府五四广场步行5分钟。\r\n\r\n去往奥帆中心、海水浴场、香港路高端商圈、八大关、以及老城区、火车站等地,地铁公交都十分通达便捷。', '非常棒的民宿~原址好像是一个日本商人的宅邸,房间很有海滨城市的特色。这是妈妈第一次住民宿,让她特别惊喜~一出门就是海,早晚有不同的景致,非常棒。离3号线超级近,公交也方便。推荐附近的海乐海鲜家常菜!我妈吃得笑口常开哈哈哈哈~新年快乐!\r\n非常棒的民宿~原址好像是一个日本商人的宅邸,房间很有海滨城市的特色。这是妈妈第一次住民宿,让她特别惊喜~一出门就是海,早晚有不同的景致,非常棒。离3号线超级近,公交也方便。推荐附近的海乐海鲜家常菜!我妈吃得笑口常开哈哈哈哈~新年快乐!\r\n', '18', '生活必需品，空调，暖气，洗衣机，衣架，熨斗，洗衣机，衣架，熨斗', '22', '中国，山东, 青岛', null, 'comment.png', 'uncollection.png,hascollectioned.png', null, null);
INSERT INTO `product` VALUES ('214', '青岛品海聆风海景酒店公寓火车站栈桥店(静雅精致大床房)', 'bf4dd148-8551-4d5a-8dd3-e87316a7d724.jpg', '268.00', '8a381003-109f-47a6-a727-b775110599a5.jpg', '兵', '合住', '1室', '2张床', '36㎡', '房间于2016年开始营业,房间位于青岛老城区,毗邻邮轮母港,劈柴院,天主教堂,栈桥,火车站,海底隧道入口,房间内设施全新,落地大窗,冬有暖气,夏有中央空调,全天热水,24小时安保值班,电梯一梯一卡,房间内配有开放式厨房,独立卫生间和淋浴房', '房间内部还可以,但是对外部楼道环境特别敏感的小伙伴要考虑一下咯', '12', '生活必需品，空调，暖气，洗衣机，衣架，熨斗，洗衣机，衣架，熨斗', '22', '中国，山东, 青岛', null, 'comment.png', 'uncollection.png,hascollectioned.png', null, '1');
INSERT INTO `product` VALUES ('215', '海景大床套房 五四广场景区内 23线地铁口旁 海边100米', '704ec8e7-0836-4604-b591-28223000dbff.jpg', '263.00', 'original (1).jpg', 'Guo Dong', '单间', '1室', '4张床', '25㎡', '本房位于五四广场景区内,地铁23号线路交汇处。地铁2号线或3号线五四广场下车后从C口出来右转100米就到达房子了。机场乘坐701路机场大巴到浮山所站下车步行400米就到达房子。\r\n楼下有肯德基、必胜客、美食城、星巴克、身后是万象城。\r\n酷炫海景房。', '房东很赞,房间很舒服,一个人住性价比比较高。位置也很好,出门就是栈桥海边,好多海鸥,起得早还可以在海边看日出和跑跑步~', '67', '生活必需品，空调，暖气，洗衣机，衣架，熨斗，洗衣机，衣架，熨斗', '22', '中国，山东, 青岛', null, 'comment.png', 'uncollection.png,hascollectioned.png', null, null);
INSERT INTO `product` VALUES ('216', '【本家的 INKE 宜家】市中心繁华区 ins风温馨阳光设备齐全大床房整租', 'b5fdbb43-e56c-450f-abc0-67e92cc41d90.jpg', '345.00', '88411455-828d-48de-8a62-321150c057a8.jpg', '本', '整套', '4室1厅', '4张床', '60㎡', '不住酒店,住我家。阳光温馨的房间,清新自然的绿植,舒适小资的环境,当阳光洒满舒服柔软的大床铺,相信奔波了一整天的你,一定会在这里卸下疲倦。整齐干净的厨房用具,在这里你可以大展厨艺,柔柔的灯光下,冒着热气、香喷喷的饭菜,相信在这里你一定能够找到家的温暖。本家小民宿欢迎您:不住酒店,住我家。', '房间特别温馨,离栈桥,海边,地铁,八大关以及其他景点都特别近,房东特别贴心,还准备好了攻略手册,总之很好很棒。', '22', '生活必需品，空调，暖气，洗衣机，衣架，熨斗，洗衣机，衣架，熨斗', '22', '中国，山东, 青岛', null, 'comment.png', 'uncollection.png,hascollectioned.png', null, null);
INSERT INTO `product` VALUES ('217', '【海洋之心】五四广场&奥帆基地%情人坝%海水浴场', '6d319b15-1c4a-4128-9c10-4b4632be4e08.jpg', '134.00', 'ea9378a5-f44f-4746-9bec-8c0d391fec4d.jpg', '淑珍', '单间', '2室1厅', '4张床', '45㎡', '房子位于市中心最繁华的位置,毗邻五四广场、奥帆基地、情人坝等景点,去往其他的各大景点也十分便利。房子的整体装修是地中海风格,色彩运用得很干净,大多是以白色为主体,部分采用了强烈的西班牙风格。家中的渔网装饰、小海星、漂流瓶等饰品都是我精心挑选的,阳台的摇椅能够让您惬意欣赏窗外的风景。', '很棒', '72', '生活必需品，空调，暖气，洗衣机，衣架，熨斗，洗衣机，衣架，熨斗', '22', '中国，山东, 青岛', null, 'comment.png', 'uncollection.png,hascollectioned.png', null, null);
INSERT INTO `product` VALUES ('218', '【夏日风情】万达广场&万达CBD%缤纷夏日 五彩生活', '7d1a7af0-37c3-48f8-b6f7-a104a85e392c.jpg', '159.00', '2f3d37ec-f200-4643-9199-9211ec7fa1bc.jpg', '静\r\n', '单间', '1室', '2张床', '26㎡', '我的房子坐落在青岛市市北区中央商务区核心区域,附近集合了大型Shopping mall,星级酒店、国际服务式公寓、室内步行街等众多现代商业和居住建筑形态于一体的超大型、国际型城市综合体,附近交通便利,我的房子楼下就是万达购物广场,商场内部的餐饮种类齐全,商场内部有超市,可以买菜回家做饭哦~房子主题', '一切都很好。装修新,干净、整洁。就是对面的办公楼总是有人,所以总要拉着窗帘。其他都挺好的。', '4', '生活必需品，空调，暖气，洗衣机，衣架，熨斗，洗衣机，衣架，熨斗', '22', '中国，山东, 青岛', null, 'comment.png', 'uncollection.png,hascollectioned.png', null, null);
INSERT INTO `product` VALUES ('219', '五星级享受 超豪华海景 距五四广场地铁站3分钟 青岛最好的房子', '364a23c5-80bf-403e-8cce-0ad10b9c8454.jpg', '298.00', '99bdb4b0-3c76-4aa0-bec3-d8f03e90cbf1.jpg', 'Li', '整套', '2室1厅', '4张床', '50㎡', '过去一年,很开心为两百多次房客带去了愉快的旅行,这是我的新家。不过始终不曾变的是洁净温馨巧思的理念,希望能给你再带来一次美好的记忆。\r', '位置,房间清洁度,舒适感都超级棒,房间没的说,房东也很好。就是房间隔音不大好。', '34', '生活必需品，空调，暖气，洗衣机，衣架，熨斗，洗衣机，衣架，熨斗', '22', '中国，山东, 青岛', null, 'comment.png', 'uncollection.png,hascollectioned.png', null, null);
INSERT INTO `product` VALUES ('220', '无敌全海景7—全五星青岛望帆览海空中海景公寓(五四广场/奥帆中心)', 'ee9bdd70-e55b-4401-bf41-87b304b99ffe.jpg', '263.00', '3ee49c6e-a131-467f-bbed-188c93886c71.jpg', '泳', '整套', '3室1厅', '2张床', '38㎡', '青岛望帆览海无敌全海景空中酒店公寓,紧邻五四广场、奥帆中心。 交通便利,汽车站、地铁站步行3分钟。购物便捷,海信奢饰品广场、佳世客、家乐福、百丽广场、青岛万象城、银座步行可到。云霄路美食街近在咫尺。', '住了四天的样子,真的超赞!!爱上青岛爱上地暖!!房间很干净,附近的公交也很方便,几乎坐着公交走遍了所有景点,而且好便宜啊。确实可以看海,因为在游轮母港附近,但是前面有个高楼挡着了一部分,看还是能看的,每天看着心情都好了~ 房东人也挺好的,回消息很快 每天打扫卫生的阿姨人也很nice 超级推荐', '56', '生活必需品，空调，暖气，洗衣机，衣架，熨斗，洗衣机，衣架，熨斗', '22', '中国，山东, 青岛', null, 'comment.png', 'uncollection.png,hascollectioned.png', null, null);
INSERT INTO `product` VALUES ('221', '猫宁民宿Room.1-LOFT复式公寓.市中心BRT沿线 ,速达机场动车站--入住5晚以上包接送机!', '66757ac6-9f39-4073-b254-1541fbb1cc2c.jpg', '198.00', 'e0caf692-e3c9-46a9-9339-cca5333b6c4e.jpg', '宇翔', '单间', '1室1厅', '4张床', '46㎡', '小贴士:房东不止只有这套房子喔~~\r\n1.电脑网页浏览连续点击房东头像 进入房东资料 头像底下房源照片 底下点查看所有房源。\r\n2.手机APP浏览 点击我的头像 拉到底就可以看到我们所有房源照片。', '房间很漂亮。地暖太热,烘人,冬天太干燥', '10', '生活必需品，空调，暖气，洗衣机，衣架，熨斗，洗衣机，衣架，熨斗', '23', '中国,福建省,厦门', null, 'comment.png', 'uncollection.png,hascollectioned.png', null, null);
INSERT INTO `product` VALUES ('222', '厦门曾厝垵,海岸花开客栈,舒适双床房A', 'f8f8fc2d-d84c-4238-95a0-9548ae16ea85.jpg', '159.00', '6759ad20-93bb-4794-8c52-45a011fed59d.jpg', '素梅', '合住', '1室1厅', '2张床', '30㎡', '回响的旋律点亮了曾厝垵迷离的夜色。这里有文艺小清新的店铺,极富情调的咖啡厅,多元文化的酒吧和琳琅满目的小吃。在厦门选值得留念的地方,那想曾厝垵定在其中。重要的是,这里没有打破当地的风俗,沿街巷尾都能看到许多当地人生活在此,充满属于自己的安逸和闲适,也有来自全国各地的年轻人聚集于此,他们过着采集阳光、音乐、梦想的生活,海子的诗里“喂马劈柴,周游世界”的生活被这群渔村年轻人过到极致。曾厝垵', '挺好挺好', '18', '生活必需品，空调，暖气，洗衣机，衣架，熨斗，洗衣机，衣架，熨斗', '23', '中国,福建省,厦门', null, 'comment.png', 'uncollection.png,hascollectioned.png', null, null);
INSERT INTO `product` VALUES ('223', '小新的 small house', 'acd0a8bf-7238-4e56-ab41-524251ae4cc6.jpg', '236.00', '7a48d540-1f40-4cef-b464-5a2a3f34fbb4.jpg', '小新', '单间', '2室1厅', '3张床', '23㎡', '房子靠于岛内火车站四五百米左右的金榜公园正对面,交通便利,采光足,通风好,周边吃的应有尽有,距离厦大鼓浪屿交通超级方便,楼层高空气好视野好宽阔', '性价比比较高,房间比较干净', '12', '生活必需品，空调，暖气，洗衣机，衣架，熨斗，洗衣机，衣架，熨斗', '23', '中国,福建省,厦门', null, 'comment.png', 'uncollection.png,hascollectioned.png', null, null);
INSERT INTO `product` VALUES ('224', '如初.遇见最好的你 • originally大床房 room2', '3b7f97d8-801f-4976-82fd-9d2220fafc18.jpg', '216.00', '71da293f-6ef5-4d26-860f-751d3766b6d1.jpg', '芳华', '合住', '1室', '2张床', '30㎡', '一个集吃喝用住养的生活小家。有自己的好好吃饭餐厅,有一个大院子和玻璃屋子。这里有两个爱生活、爱美食、爱手工、爱交朋友的姑娘,我们希望每一位入住的朋友都能够回归简单与自然,好好吃、好好喝、好好睡、好好用、好好养,好好体验生活。', '很棒的房间', '67', '生活必需品，空调，暖气，洗衣机，衣架，熨斗，洗衣机，衣架，熨斗', '23', '中国,福建省,厦门', null, 'comment.png', 'uncollection.png,hascollectioned.png', null, null);
INSERT INTO `product` VALUES ('225', '鼓浪屿木木家听海客栈', '054e99c2-b7a9-4b4c-a4a6-af473fcd825b.jpg', '198.00', 'bee9378f-5697-427d-a0ce-c53a8ee5ca0e.jpg', '家', '单间', '1室1厅', '4张床', '40㎡', '房间位于钢琴之岛鼓浪屿,对面就是中山路,沙坡尾厦门大学', '这次的民俗非常棒 真的是凹造型的好地方 拍照片都美美的 都不用修 直接文艺范 床很舒服 非常贴心的准备了很多东西 很愉快的一次住宿', '22', '生活必需品，空调，暖气，洗衣机，衣架，熨斗，洗衣机，衣架，熨斗', '23', '中国,福建省,厦门', null, 'comment.png', 'uncollection.png,hascollectioned.png', null, null);
INSERT INTO `product` VALUES ('226', '厦门曾厝垵,悦蓝湾庭岚坊.麻雀虽小五脏俱全单人间', 'f1167573-08bc-4070-8b7e-26e4e0bab66f.jpg', '298.00', 'ee15afb2-421c-479c-8f4c-8e1ca2a61c09.jpg', '琼', '整套', '1室1厅', '2张床', '25㎡', '我们的客栈,依山傍海,靠近厦大,南普陀,鼓浪屿,中山路,所在的曾厝垵是个度假村,类型于曼谷的考山路!还有我热情的店主!', '房间很好 很明亮 床也很舒适 室内有暖气空调配置 还有小猫咪玩具可以拍照哈哈哈喜欢', '72', '生活必需品，空调，暖气，洗衣机，衣架，熨斗，洗衣机，衣架，熨斗', '23', '中国,福建省,厦门', null, 'comment.png', 'uncollection.png,hascollectioned.png', '1', null);
INSERT INTO `product` VALUES ('227', '【UR-NAME】简约舒适小屋,火车站市中心/brt、地铁一号线、公交站直达中山路,曾厝垵环岛路轮渡', 'c0fa184c-9075-414a-affc-70ae732054fd.jpg', '268.00', 'e1fe81a5-28b3-4a54-8f7f-ed213372d3be.jpg', 'Chen', '单间', '1室', '2张床', '20㎡', 'airbnb超级福利!满500可享预订减175的优惠。具体可以咨询我噢。\r\n网络电视:海量影视随便看\r\n免费提供洗发水、沐浴露(都是品牌的噢)', '房间很赞,就是我自己订错时间了,老板人很好', '4', '生活必需品，空调，暖气，洗衣机，衣架，熨斗，洗衣机，衣架，熨斗', '23', '中国,福建省,厦门', null, 'comment.png', 'uncollection.png,hascollectioned.png', null, null);
INSERT INTO `product` VALUES ('228', '[嗨]沙坡尾-位处沙坡尾面朝避风坞,离厦大艺术西区南普陀中山路鼓浪屿曾厝垵都很近', '8b084d8e-f8e5-4bd2-a4ee-5555bf0d5aed.jpg', '236.00', 'f6b140cf-db45-4022-ab65-0b2bd5ca4445.jpg', '嗨', '整套', '3室1厅', '4张床', '25㎡', '[嗨]是我们对未来居所所有美好的设想,\r\n我们希望把这份美好分享出来!\r\n房间位处沙坡尾,面朝避风坞,推门就可以看见避风坞内海,有天窗和玻璃长廊有厦门最好的夜景,附近生活方便,交通便利,挨着厦大,猫街,艺术西区,比邻中山路,轮渡码头', '房子时尚好看,住着也很舒服,很喜欢,下次再来的话还选择这里。', '23', '生活必需品，空调，暖气，洗衣机，衣架，熨斗，洗衣机，衣架，熨斗', '23', '中国,福建省,厦门', '', 'comment.png', 'uncollection.png,hascollectioned.png', null, null);
INSERT INTO `product` VALUES ('229', '好啦生活小院 . 一个厦门海边 带大院子的温暖生活家', '0a04241c-7320-46f0-b15d-46af2b5cbca7.jpg', '159.00', '4cf4ba96-587f-4841-9f9d-b9b308dcbe37.jpg', '芳芳', '整套', '1室', '4张床', '30㎡', '【好啦生活小院】一个集吃喝用住养的生活小家。有自己的好好吃饭餐厅,这里有两个爱生活、爱美食、爱手工、爱交朋友的姑娘,我们希望每一位入住的朋友都能够回归简单与自然,好好吃、好好喝、好好睡、好好用、好好养,好好体验生活。\r\n好啦有个大院子,房间数量不多,特别适合大家庭、闺蜜团、大团队出行,夜晚院子聚会聚餐,晚上舒适的盖着透气保暖的手工蚕丝被在记忆棉的床垫上睡觉~', '不好意思最近开学忙评价晚了,本家确实是很棒的房源,我们选择本家的另一个加分项是因为厨房设备齐全各类调料也有我们自己也买了一些新调料下家房客依旧可以使用,总的来说,不论是从房型,装修风格亦或地理位置都是性价比很高的选择,满意,谢谢本家。', '18', '生活必需品，空调，暖气，洗衣机，衣架，熨斗，洗衣机，衣架，熨斗', '23', '中国,福建省,厦门', null, 'comment.png', 'uncollection.png,hascollectioned.png', null, null);
INSERT INTO `product` VALUES ('230', '中山路旁独栋三层花园露台投影仪房「日光」,近步行街,植物园,厦大,沙坡尾,演武大桥,鼓浪屿', '59d1d677-c4ac-4342-bec3-3e88798dbdcf.jpg', '236.00', '1c3a9c71-c2f5-4893-b63a-54ad471752c5.jpg', '雷', '整套', '1室', '4张床', '58㎡', 'room4「日光」是我第一套不在小区套房内的民宿,她是位于中山路步行街旁的胡同里的小独栋,是和room3「天空」毗邻的姐妹房,是同样户型的三层独栋露台房。\r\n这里是最能感受厦门本土居民生活的老城区,家家户户几代人在这里生活,虽没有24小时保安管理,但坐落在厦门市公安局的旁边,与公安局宿舍毗邻,治安非常的好!\r\n走出家门就是思北小学、教堂、早餐铺、食杂店、五金店等', '房间很好,北欧风。床很舒服,有很多饮用水', '12', '生活必需品，空调，暖气，洗衣机，衣架，熨斗，洗衣机，衣架，熨斗', '23', '中国,福建省,厦门', null, 'comment.png', 'uncollection.png,hascollectioned.png', null, null);
INSERT INTO `product` VALUES ('231', '小区安全私密,环境安静。下楼步行2分钟到海边,享受您的黄金海岸私人海滩,夏季休闲度假的绝佳选择。', 'f92f32c8-5396-4e54-a4eb-d1172ecb0868.jpg', '216.00', 'cadf3d92-20aa-42e3-84a3-f7de26ee67f7.jpg', '斯程', '单间', '1室', '2张床', '34㎡', '我的房源靠近沙滩、适合家庭的活动、优美的景色。我的房源适合情侣、独自旅行的冒险家、商务旅行者、有小孩的家庭。', '1/风格非常的nice~真的很棒!!!是很喜欢很喜欢的ins风~2/很温暖,床品也很干净3/物品也很齐全,是家的感觉,喜欢!!!4/地点也很容易找,而且全自助的形式也很方便', '67', '生活必需品，空调，暖气，洗衣机，衣架，熨斗，洗衣机，衣架，熨斗', '24', '中国，河北省，秦皇岛', null, 'comment.png', 'uncollection.png,hascollectioned.png', null, null);
INSERT INTO `product` VALUES ('232', '【Emma\'s 全家福】春节!来看冬天的海【健身房】【游泳池】', 'f89e7a4d-5cc0-4557-81d6-6da813128081.jpg', '198.00', 'f7965982-4141-4523-9780-f763e62066de.jpg', '思远', '合住', '3室1厅', '4张床', '40㎡', '香格里拉 · 海碧台 5-STAR 酒店式公寓 · 出门即享受海水、沙滩、阳光 · 适合家庭、情侣、商旅人士 · 高能房东更是提升度假体验的得力帮手', '房子干净整洁 ,满满的宜家风,很满意。 东西也很全 完全可以做个饭', '22', '生活必需品，空调，暖气，洗衣机，衣架，熨斗，洗衣机，衣架，熨斗', '24', '中国，河北省，秦皇岛', null, 'comment.png', 'uncollection.png,hascollectioned.png', null, null);
INSERT INTO `product` VALUES ('233', '【白】纯粹而别致的白色民宿(整套〔两个卧室〕)', '8a245d5a-7474-4678-a9b9-8f7cfe56001d.jpg', '298.00', '0881dae5-4f52-47cf-af59-18b607039679.jpg', 'Jing', '合住', '1室1厅', '2张床', '26㎡', '【白】,坐落于秦皇岛市中心,是一间纯粹而别致的白色民宿。【白】面朝人民广场和人民公园,紧邻秦皇岛市政府,交通发达,生活便利。走进【白】,你会立刻置身于一个纯白的极简空间,脱离一切外部世界的繁杂和喧嚣。每位客人的到访,都会为这里渲染上独一无二的色彩,让他/她自身的特质在全白的空间内一览无遗。我们希望通过精心的布置,为客人提供放松身心的舒适环境,让这里成为一个梦境般的存在。', '非常美丽的小房子。干净整洁。厨具不仅全而且都十分好看。IKEA风格让人感觉舒适温馨', '72', '生活必需品，空调，暖气，洗衣机，衣架，熨斗，洗衣机，衣架，熨斗', '24', '中国，河北省，秦皇岛', null, 'comment.png', 'uncollection.png,hascollectioned.png', null, null);
INSERT INTO `product` VALUES ('234', '【如梦初醒.民宿】四道桥渤海明珠近海滩大两居,30分钟直通北戴河山海关', '22187295-fac5-4a19-8ab1-d17fce2f4eef.jpg', '268.00', 'a3960497-591b-4641-b97f-246f5f847af6.jpg', '如梦初醒', '单间', '2室1厅', '4张床', '38㎡', '秦皇岛位于北戴河与山海关之间,是北戴河和山海关的纽带,30分钟到达北戴河,山海关,沿途领略秦皇岛带状海岸线,让您感受大海的气息。6路直通秦皇岛火车站,北戴河火车站。25路,33路直通山海关火车站,34路直通北戴河海滨汽车站。19路公交车直通西浴场,新澳海底世界,暑期夜线22:00末班,打车10元左右。\r\n新澳海底世界,西浴场,浅水湾浴场,观鸟湿地,秦皇岛野生动物园,15分钟可达。鸽子窝公园,北戴浴场', '因为装修风格果断选择入住,房东MM很热情,很棒的体验。', '4', '生活必需品，空调，暖气，洗衣机，衣架，熨斗，洗衣机，衣架，熨斗', '24', '中国，河北省，秦皇岛', null, 'comment.png', 'uncollection.png,hascollectioned.png', null, null);
INSERT INTO `product` VALUES ('235', '香玺海温馨海景露台房', '3e876f6c-9191-464b-9fd6-4f67afcf406e.jpg', '263.00', '5825ef4d-9e39-4c9e-b944-4784eb46d8d2.jpg', '高宇', '合住', '1室', '4张床', '60㎡', '房屋装修风格是现代简约风格,房间内配备有冰箱、电视、洗衣机、电磁炉、24小时热水,一次性洗漱用品等。', '房子像图片一样好看 房东人很好 回复迅速 而且设施齐全 可以做饭 离万象城很近 方便逛街 适合情侣一起来 很有家的感觉 不错不错 很喜欢', '18', '生活必需品，空调，暖气，洗衣机，衣架，熨斗，洗衣机，衣架，熨斗', '24', '中国，河北省，秦皇岛', null, 'comment.png', 'uncollection.png,hascollectioned.png', null, null);
INSERT INTO `product` VALUES ('236', '锦江半岛四季', '8705ea22-8973-4f9b-ad55-c9a3fbf97ba6.jpg', '345.00', 'cc09a61f-4a64-44ff-a54f-bc50a479db98.jpg', 'Winnie', '单间', '1室', '4张床', '45㎡', '房间面积56平米,两张1.2m*2m的床,配备厨具、餐具,有自助洗衣房,可烘干、熨烫,可免费使用健身房及儿童乐园,免费停车,楼高31层,位于秦皇岛市中心核心区域,购物方便,周围海鲜美食超值,驱车10分钟即可到达海滩、浴场尽情畅玩。', '房间很大很干净,布置很精致,生活设施齐全。距离万象城和海边很近,购物娱乐方便。', '12', '生活必需品，空调，暖气，洗衣机，衣架，熨斗，洗衣机，衣架，熨斗', '24', '中国，河北省，秦皇岛', null, 'comment.png', 'uncollection.png,hascollectioned.png', null, '1');
INSERT INTO `product` VALUES ('237', '威远', '53d39768-0283-404c-8456-891d09f6f1a4.jpg', '167.00', 'dc004eff-d722-47ed-a17f-7e0b5007d5e5.jpg', '彦臣', '整套', '4室1厅', '2张床', '26㎡', '干净卫生', '很温馨的小屋', '67', '生活必需品，空调，暖气，洗衣机，衣架，熨斗，洗衣机，衣架，熨斗', '24', '中国，河北省，秦皇岛', null, 'comment.png', 'uncollection.png,hascollectioned.png', null, null);
INSERT INTO `product` VALUES ('238', '美丽海边的日出观景房', 'c8745f7b-d7bb-417d-9251-d7c0e4c64732.jpg', '159.00', '259da5d3-1508-4288-9e6b-dde7b88f38e6.jpg', 'Liang', '单间', '2室1厅', '4张床', '50㎡', '独立卫浴', '位置很好找,房间很简单很舒服,有个大大的飘窗尤其是晚上的夜景那叫一个漂亮!', '22', '生活必需品，空调，暖气，洗衣机，衣架，熨斗，洗衣机，衣架，熨斗', '24', '中国，河北省，秦皇岛', null, 'comment.png', 'uncollection.png,hascollectioned.png', null, null);
INSERT INTO `product` VALUES ('239', '秦皇岛火车站附近的三室大房子', 'c81fdd81-d2d8-4cdf-a830-30d5d667faca.jpg', '298.00', '4528476c-9b14-4e83-92af-9747094bb492.jpg', '洪进', '整套', '1室', '4张床', '26㎡', '干净舒适的大三室,满足您全家人的需求,距离火车站五分钟车程。房子位于海港区,在山海关和北戴河区的中间。去山海关和北戴河车程都是大约三十分钟,世纪港湾购物广场步行十五分钟,距离港北便民市场三分钟,楼下有超市。', '真的很不错~当了第一批入住的房客,虽然有点还不完善但是已经足够了,舒服的大床,干净的沙发,干净的卫生间洗漱用品,房间还带有一点小清新范,房东人超级给力。也超级好,真的很喜欢她!完善好了我还会再来的!!', '72', '生活必需品，空调，暖气，洗衣机，衣架，熨斗，洗衣机，衣架，熨斗', '24', '中国，河北省，秦皇岛', null, 'comment.png', 'uncollection.png,hascollectioned.png', null, null);
INSERT INTO `product` VALUES ('240', '北戴河海边田园主题家庭公寓冰箱上网小吃步行街', 'c446f4fb-1ef5-4bdc-b749-12deacb66e64.jpg', '263.00', '9a12cfcd-3296-4151-a845-a884090ffde8.jpg', 'bdhyslw', '整套', '2室1厅', '2张床', '50㎡', ' 北戴河明海御墅龙湾公寓处于北戴河繁华地段，紧临北戴河小吃一条街和夜市，交通、购物和去海边都很方便。公寓环境幽雅，绿草茵茵，鸟语花香，海风习习，清雅幽静，实乃携情侣、家人来此度假首选场所。出门看风景、海边漫步，观海听涛，追波逐浪。欧版装修设计格局，典雅别致，浪漫温馨，以情侣房，家庭房为主，充分体现人文和现代风格以及环保理念。', '房主人很好，什么问题都会耐心解答，而且打电话麻烦房主无数次，也都不会不耐烦。屋子很干净，刚一进去就觉得，哇，心情好好。设备也很齐全，各种东西都贴有温馨提示。很是暖人心。下次再来，继续光顾，还是“麻烦”房主，很棒的一次居住！', '10', '生活必需品，空调，暖气，洗衣机，衣架，熨斗，洗衣机，衣架，熨斗', '24', '中国，河北省，秦皇岛', null, 'comment.png', 'uncollection.png,hascollectioned.png', null, null);

-- ----------------------------
-- Table structure for user
-- ----------------------------
DROP TABLE IF EXISTS `user`;
CREATE TABLE `user` (
  `user_id` int(11) NOT NULL AUTO_INCREMENT,
  `user_phone` varchar(255) DEFAULT NULL,
  `username` varchar(255) DEFAULT NULL,
  `password` varchar(255) DEFAULT NULL,
  `user_img` varchar(255) DEFAULT NULL,
  PRIMARY KEY (`user_id`)
) ENGINE=MyISAM AUTO_INCREMENT=34 DEFAULT CHARSET=utf8;

-- ----------------------------
-- Records of user
-- ----------------------------
INSERT INTO `user` VALUES ('2', '13686675000', '海静', '123147', null);
INSERT INTO `user` VALUES ('3', '13800138000', '中国移动', '10086', null);
INSERT INTO `user` VALUES ('4', '13700137000', '树王', '12345678', null);
INSERT INTO `user` VALUES ('5', '13600136000', '小谷', '13600', null);
INSERT INTO `user` VALUES ('6', '13500135000', '小菜', '13500', null);
INSERT INTO `user` VALUES ('7', '13200132000', '哈哈', '13200', null);
INSERT INTO `user` VALUES ('8', '13100131000', '嘿嘿', '13100', null);
INSERT INTO `user` VALUES ('9', '13400134000', '安安', '13400', null);
INSERT INTO `user` VALUES ('10', '13300133000', '测试', '13300', null);
INSERT INTO `user` VALUES ('11', '13000013000', '测试2', '130000', null);
INSERT INTO `user` VALUES ('12', '13000013000', '测试2', '130000', null);
INSERT INTO `user` VALUES ('13', '13000130000', '测试测试', '130000', null);
INSERT INTO `user` VALUES ('14', '13900139000', '再次测试', '13900', null);
INSERT INTO `user` VALUES ('15', '13413413413', '好', '1234', null);
INSERT INTO `user` VALUES ('16', '13687775032', '蛙啦', '134', null);
INSERT INTO `user` VALUES ('17', '13212341234', '南岸', '123456', null);
INSERT INTO `user` VALUES ('18', '13212341243', '哈哈哈哈', '1234', null);
INSERT INTO `user` VALUES ('19', '13652962489', '号店', '111111', null);
INSERT INTO `user` VALUES ('20', '13652369865', '老玩家', 'aaaaaa', null);
INSERT INTO `user` VALUES ('21', '13412412412', '哈哈哈', '1234', null);
INSERT INTO `user` VALUES ('22', '13412412411', '哈哈哈哈', '12345', null);
INSERT INTO `user` VALUES ('23', '13412312333', '嘻嘻', '12345', null);
INSERT INTO `user` VALUES ('24', '13412312333', '嘻嘻', '12345', null);
INSERT INTO `user` VALUES ('32', '13652369874', '问问', 'qqqqqq', null);
INSERT INTO `user` VALUES ('31', '13686675032', '静静', '123147', null);
INSERT INTO `user` VALUES ('33', '13526547896', '千万次', 'wwwwww', null);
SET FOREIGN_KEY_CHECKS=1;
